1, 29, 0.4343434274196625, 2.2769663333892822
1, 2, 0.8989899158477783, 2.2547314167022705
1, 23, 0.02525252476334572, 2.3187665939331055
1, 7, 0.0, 2.3146655559539795
1, 1, 0.0, 2.301983594894409
1, 22, 0.19191919267177582, 2.31337571144104
1, 21, 0.0, 2.304457902908325
1, 12, 0.5050504803657532, 2.2731666564941406
1, 28, 0.0, 2.310976505279541
1, 16, 0.5151515007019043, 2.279594898223877
1, 20, 0.8838383555412292, 2.255079984664917
1, 17, 0.06565656512975693, 2.2964375019073486
1, 5, 0.0, 2.305771589279175
1, 10, 0.9547738432884216, 2.2511820793151855
1, 8, 0.0, 2.311647891998291
1, 15, 0.005050505045801401, 2.3115994930267334
1, 13, 0.0, 2.292996644973755
1, 0, 0.0, 2.327223062515259
1, 25, 0.0, 2.315154552459717
1, 9, 0.7386934757232666, 2.2600367069244385
1, 14, 0.36548224091529846, 2.2857813835144043
1, 4, 0.06060606241226196, 2.2845957279205322
1, 6, 0.7979797720909119, 2.2591891288757324
1, 11, 0.0, 2.3049633502960205
1, 27, 0.0, 2.3045759201049805
1, 26, 0.0, 2.3065130710601807
1, 24, 0.0, 2.3026180267333984
1, 3, 0.752525269985199, 2.265211582183838
1, 18, 0.005050505045801401, 2.2876720428466797
1, 19, 0.560606062412262, 2.272559642791748
2, 3, 0.752525269985199, 1.9803377389907837
2, 10, 0.9547738432884216, 1.9485642910003662
2, 24, 0.0, 2.296569585800171
2, 17, 0.06565656512975693, 2.321314573287964
2, 4, 0.06060606241226196, 2.235813617706299
2, 6, 0.7979797720909119, 2.0119051933288574
2, 12, 0.5050504803657532, 2.125452756881714
2, 26, 0.0, 2.3925933837890625
2, 1, 0.0, 2.346890687942505
2, 5, 0.0, 2.242440938949585
2, 11, 0.0, 2.411449909210205
2, 19, 0.560606062412262, 2.1439590454101562
2, 9, 0.7437185645103455, 2.0288100242614746
2, 13, 0.0, 2.368434429168701
2, 8, 0.0, 2.1375529766082764
2, 7, 0.0, 2.124284029006958
2, 25, 0.0, 2.453808546066284
2, 21, 0.0, 2.344548225402832
2, 2, 0.8989899158477783, 1.9702128171920776
2, 22, 0.19191919267177582, 2.3491578102111816
2, 27, 0.0, 2.3575234413146973
2, 29, 0.4343434274196625, 2.176485061645508
2, 0, 0.0, 2.4074177742004395
2, 20, 0.8838383555412292, 1.950360894203186
2, 28, 0.0, 2.4210476875305176
2, 18, 0.0, 2.279137372970581
2, 15, 0.005050505045801401, 2.443936347961426
2, 16, 0.5151515007019043, 2.0130136013031006
2, 14, 0.36548224091529846, 2.206998348236084
2, 23, 0.02525252476334572, 2.254321575164795
3, 16, 0.4747474789619446, 2.126293420791626
3, 23, 0.06565656512975693, 2.147031784057617
3, 2, 0.8131313323974609, 2.0784809589385986
3, 18, 0.0, 2.3557846546173096
3, 13, 0.0, 2.3046445846557617
3, 9, 0.6532663106918335, 2.1637349128723145
3, 5, 0.0, 2.290003776550293
3, 27, 0.035353533923625946, 2.188899040222168
3, 0, 0.07614213228225708, 2.102984666824341
3, 17, 0.06060606241226196, 2.346550226211548
3, 8, 0.0, 2.201723098754883
3, 20, 0.8181818127632141, 2.073110342025757
3, 11, 0.005076142027974129, 2.452601909637451
3, 15, 0.005050505045801401, 2.355963706970215
3, 3, 0.6717171669006348, 2.100534200668335
3, 25, 0.0, 2.3671107292175293
3, 6, 0.7070707082748413, 2.1393826007843018
3, 10, 0.8693467378616333, 2.0823090076446533
3, 26, 0.005050505045801401, 2.340081214904785
3, 22, 0.1666666716337204, 2.506032943725586
3, 24, 0.010101010091602802, 2.257568597793579
3, 29, 0.39393940567970276, 2.1413819789886475
3, 14, 0.3401015102863312, 2.307004451751709
3, 28, 0.0, 2.312847137451172
3, 7, 0.0, 2.1959335803985596
3, 1, 0.010152284055948257, 2.2492380142211914
3, 12, 0.43939393758773804, 2.1816561222076416
3, 4, 0.06565656512975693, 2.3132801055908203
3, 19, 0.5050504803657532, 2.2585361003875732
3, 21, 0.0, 2.3034186363220215
4, 24, 0.0, 2.244527578353882
4, 20, 0.8838383555412292, 1.8743457794189453
4, 29, 0.4343434274196625, 2.122284173965454
4, 17, 0.06565656512975693, 2.401294231414795
4, 14, 0.36548224091529846, 2.1947033405303955
4, 6, 0.7979797720909119, 1.9287232160568237
4, 13, 0.0, 2.4541890621185303
4, 9, 0.7437185645103455, 1.9851124286651611
4, 4, 0.06060606241226196, 2.1915664672851562
4, 2, 0.8989899158477783, 1.8878120183944702
4, 15, 0.005050505045801401, 2.608072280883789
4, 19, 0.560606062412262, 2.137887954711914
4, 0, 0.0, 2.2256174087524414
4, 26, 0.0, 2.4338319301605225
4, 3, 0.752525269985199, 1.9363712072372437
4, 1, 0.0, 2.1593680381774902
4, 23, 0.02525252476334572, 2.176543951034546
4, 16, 0.5151515007019043, 1.9864534139633179
4, 28, 0.0, 2.522616147994995
4, 21, 0.0, 2.0631752014160156
4, 10, 0.9547738432884216, 1.880362629890442
4, 27, 0.0, 2.311354875564575
4, 11, 0.0, 2.4189682006835938
4, 22, 0.19191919267177582, 2.4131979942321777
4, 25, 0.0, 2.6333069801330566
4, 12, 0.5050504803657532, 1.987359881401062
4, 5, 0.0, 2.1268913745880127
4, 7, 0.0, 2.1337618827819824
4, 18, 0.0, 2.300827980041504
4, 8, 0.0, 2.150604724884033
5, 12, 0.07575757801532745, 2.188732862472534
5, 23, 0.28282827138900757, 2.0264015197753906
5, 11, 0.20304568111896515, 2.3155863285064697
5, 4, 0.4747474789619446, 2.0634775161743164
5, 6, 0.11616161465644836, 2.1496005058288574
5, 27, 0.13131313025951385, 2.133697271347046
5, 20, 0.14646464586257935, 2.06862211227417
5, 21, 0.01515151560306549, 2.306241989135742
5, 13, 0.025380710139870644, 2.322911024093628
5, 22, 0.06060606241226196, 2.641921281814575
5, 24, 0.3181818127632141, 2.092224359512329
5, 18, 0.34343433380126953, 2.156933307647705
5, 2, 0.17676767706871033, 2.0801827907562256
5, 29, 0.1111111119389534, 2.12839937210083
5, 25, 0.0, 2.4296700954437256
5, 1, 0.03553299605846405, 2.2060089111328125
5, 8, 0.03030303120613098, 2.0321338176727295
5, 26, 0.1262626200914383, 2.2968859672546387
5, 0, 0.7411167621612549, 1.9961174726486206
5, 19, 0.07575757801532745, 2.2344672679901123
5, 10, 0.14572864770889282, 2.095160961151123
5, 17, 0.20202019810676575, 2.2617154121398926
5, 5, 0.055837564170360565, 2.2027270793914795
5, 16, 0.08585858345031738, 2.054305076599121
5, 9, 0.1658291518688202, 2.1296684741973877
5, 28, 0.10606060922145844, 2.3279242515563965
5, 15, 0.0, 2.407726764678955
5, 3, 0.14646464586257935, 2.091609239578247
5, 14, 0.08121827244758606, 2.2508156299591064
5, 7, 0.015075377188622952, 2.0217833518981934
6, 17, 0.18686868250370026, 2.336066722869873
6, 4, 0.010101010091602802, 2.5965216159820557
6, 15, 0.005050505045801401, 2.2161331176757812
6, 14, 0.36548224091529846, 2.2969136238098145
6, 29, 0.19696970283985138, 2.018033027648926
6, 18, 0.0, 2.0174427032470703
6, 9, 0.7487437129020691, 1.5776934623718262
6, 21, 0.08080808073282242, 2.290494918823242
6, 1, 0.055837564170360565, 2.0383670330047607
6, 5, 0.03553299605846405, 1.9730623960494995
6, 16, 0.5151515007019043, 2.0252809524536133
6, 26, 0.0, 2.6286885738372803
6, 23, 0.02525252476334572, 2.246262788772583
6, 24, 0.34343433380126953, 1.7351579666137695
6, 25, 0.02512562833726406, 2.9778242111206055
6, 2, 0.8989899158477783, 1.6809518337249756
6, 27, 0.4444444477558136, 1.806325912475586
6, 0, 0.0, 2.1907308101654053
6, 10, 0.8894472122192383, 1.3451743125915527
6, 3, 0.5404040217399597, 1.8365455865859985
6, 7, 0.9698492288589478, 0.6712220311164856
6, 28, 0.1111111119389534, 2.17795467376709
6, 8, 0.03030303120613098, 1.3565740585327148
6, 22, 0.15656565129756927, 2.1224074363708496
6, 6, 0.7626262903213501, 1.5140838623046875
6, 13, 0.0, 1.8883247375488281
6, 12, 0.4292929172515869, 1.7981934547424316
6, 20, 0.6464646458625793, 1.7379955053329468
6, 19, 0.02525252476334572, 2.2875654697418213
6, 11, 0.11167512834072113, 2.6120448112487793
7, 4, 0.020202020183205605, 2.2211530208587646
7, 10, 0.015075377188622952, 1.788816213607788
7, 22, 0.19191919267177582, 2.0152103900909424
7, 26, 0.0, 2.5245959758758545
7, 11, 0.1928934007883072, 1.9821178913116455
7, 27, 0.3787878751754761, 1.9417287111282349
7, 28, 0.12121212482452393, 2.340344190597534
7, 3, 0.747474730014801, 1.857450246810913
7, 15, 0.11616161465644836, 1.9333237409591675
7, 1, 0.010152284055948257, 2.0780704021453857
7, 19, 0.17676767706871033, 2.1000187397003174
7, 29, 0.3333333432674408, 2.0096023082733154
7, 16, 0.5050504803657532, 1.8939156532287598
7, 14, 0.36548224091529846, 2.4002890586853027
7, 7, 0.7537688612937927, 1.5852216482162476
7, 21, 0.0555555559694767, 2.7192132472991943
7, 2, 0.8939393758773804, 1.815284013748169
7, 18, 0.010101010091602802, 2.1883232593536377
7, 17, 0.10101009905338287, 2.473215341567993
7, 23, 0.38383838534355164, 1.949239730834961
7, 8, 0.8636363744735718, 1.324648141860962
7, 0, 0.9086294174194336, 1.5139508247375488
7, 9, 0.04020100459456444, 2.159773588180542
7, 6, 0.005050505045801401, 2.0327208042144775
7, 24, 0.5353535413742065, 1.6613585948944092
7, 5, 0.05076142027974129, 2.0457541942596436
7, 20, 0.8737373948097229, 1.7439155578613281
7, 25, 0.02010050229728222, 2.318070650100708
7, 13, 0.04060913622379303, 2.1901392936706543
7, 12, 0.5, 1.9206249713897705
8, 18, 0.0, 2.0633962154388428
8, 10, 0.9547738432884216, 1.1141380071640015
8, 15, 0.005050505045801401, 2.0956459045410156
8, 8, 0.0, 1.8439769744873047
8, 21, 0.07070706784725189, 2.567594289779663
8, 24, 0.46464645862579346, 1.6825847625732422
8, 27, 0.44949495792388916, 1.6571815013885498
8, 12, 0.5101010203361511, 1.9594504833221436
8, 6, 0.691919207572937, 1.5568643808364868
8, 4, 0.035353533923625946, 2.829690933227539
8, 28, 0.20202019810676575, 2.2598743438720703
8, 11, 0.13705584406852722, 1.9776233434677124
8, 7, 0.9346733689308167, 0.8173652291297913
8, 3, 0.752525269985199, 1.748065710067749
8, 13, 0.005076142027974129, 1.9769622087478638
8, 5, 0.2588832378387451, 1.7659189701080322
8, 25, 0.02010050229728222, 2.8832321166992188
8, 29, 0.31313130259513855, 1.984952688217163
8, 2, 0.8787878751754761, 1.75362229347229
8, 22, 0.24242424964904785, 1.9152002334594727
8, 14, 0.4060913622379303, 2.213395833969116
8, 23, 0.02525252476334572, 2.0289883613586426
8, 0, 0.010152284055948257, 2.098480463027954
8, 1, 0.0, 2.165166139602661
8, 17, 0.21717171370983124, 2.4238243103027344
8, 19, 0.010101010091602802, 2.2245476245880127
8, 16, 0.6818181872367859, 1.8214101791381836
8, 26, 0.005050505045801401, 2.555100917816162
8, 20, 0.868686854839325, 1.620936393737793
8, 9, 0.6482412219047546, 1.6584768295288086
9, 2, 0.39898988604545593, 1.9569025039672852
9, 17, 0.14646464586257935, 2.2268121242523193
9, 6, 0.09090909361839294, 1.931671142578125
9, 0, 0.7664974331855774, 1.5502369403839111
9, 23, 0.3232323229312897, 1.9819450378417969
9, 14, 0.2893401086330414, 2.2255074977874756
9, 16, 0.6111111044883728, 1.8247777223587036
9, 28, 0.17171716690063477, 2.1917331218719482
9, 12, 0.46464645862579346, 1.938860297203064
9, 20, 0.8434343338012695, 1.6573840379714966
9, 22, 0.26767677068710327, 1.9431146383285522
9, 21, 0.020202020183205605, 2.533682346343994
9, 5, 0.42131978273391724, 1.88958740234375
9, 8, 0.8989899158477783, 1.1763427257537842
9, 25, 0.02010050229728222, 2.2689096927642822
9, 7, 0.9346733689308167, 1.0289264917373657
9, 18, 0.04040404036641121, 2.061938524246216
9, 13, 0.42131978273391724, 1.9566227197647095
9, 3, 0.8434343338012695, 1.7532192468643188
9, 11, 0.1421319842338562, 2.0252230167388916
9, 15, 0.1111111119389534, 2.0184311866760254
9, 27, 0.3333333432674408, 1.7464958429336548
9, 26, 0.01515151560306549, 2.5539512634277344
9, 4, 0.04545454680919647, 2.567636728286743
9, 9, 0.06532663106918335, 1.9633954763412476
9, 19, 0.34343433380126953, 2.0241212844848633
9, 10, 0.12562814354896545, 1.5648521184921265
9, 24, 0.49494948983192444, 1.7284795045852661
9, 1, 0.020304568111896515, 2.078409194946289
9, 29, 0.4747474789619446, 1.836578369140625
10, 26, 0.020202020183205605, 2.6173653602600098
10, 6, 0.5454545617103577, 1.6227144002914429
10, 23, 0.010101010091602802, 2.111269950866699
10, 14, 0.39593908190727234, 2.17545747756958
10, 7, 0.8944723606109619, 0.7500709295272827
10, 2, 0.7121211886405945, 1.7832099199295044
10, 5, 0.4720812141895294, 1.723521113395691
10, 24, 0.5050504803657532, 1.5834376811981201
10, 8, 0.020202020183205605, 1.2676517963409424
10, 4, 0.035353533923625946, 2.7828140258789062
10, 27, 0.46464645862579346, 1.5925287008285522
10, 28, 0.22727273404598236, 2.206295967102051
10, 22, 0.3080808222293854, 1.8808462619781494
10, 13, 0.010152284055948257, 2.048048973083496
10, 12, 0.4191919267177582, 1.9359986782073975
10, 25, 0.02010050229728222, 2.9816668033599854
10, 9, 0.5276381969451904, 1.6537461280822754
10, 15, 0.2222222238779068, 1.9388012886047363
10, 3, 0.747474730014801, 1.7099261283874512
10, 19, 0.020202020183205605, 2.1190083026885986
10, 17, 0.3080808222293854, 2.1835989952087402
10, 0, 0.015228426083922386, 1.9178869724273682
10, 18, 0.04040404036641121, 2.117825508117676
10, 16, 0.7424242496490479, 1.772627592086792
10, 11, 0.16243654489517212, 1.8783329725265503
10, 21, 0.0555555559694767, 2.8138256072998047
10, 10, 0.9145728349685669, 1.2142930030822754
10, 20, 0.7121211886405945, 1.6306356191635132
10, 29, 0.3080808222293854, 1.8732495307922363
10, 1, 0.025380710139870644, 2.1347837448120117
11, 3, 0.6868686676025391, 1.7158114910125732
11, 9, 0.17587940394878387, 1.8710638284683228
11, 14, 0.39593908190727234, 2.1127212047576904
11, 15, 0.14141413569450378, 1.9775760173797607
11, 7, 0.8844221234321594, 1.123892068862915
11, 10, 0.6180904507637024, 1.344161033630371
11, 29, 0.4848484992980957, 1.8096603155136108
11, 23, 0.14141413569450378, 2.130950450897217
11, 26, 0.0555555559694767, 2.5274815559387207
11, 5, 0.46700507402420044, 1.800789475440979
11, 4, 0.04040404036641121, 2.6237759590148926
11, 0, 0.43654823303222656, 1.7580699920654297
11, 16, 0.747474730014801, 1.7120057344436646
11, 24, 0.5101010203361511, 1.6740226745605469
11, 22, 0.2525252401828766, 1.9545818567276
11, 8, 0.6212121248245239, 1.206687092781067
11, 25, 0.02512562833726406, 2.1604480743408203
11, 1, 0.10152284055948257, 2.0215938091278076
11, 21, 0.02525252476334572, 2.419919967651367
11, 12, 0.3737373650074005, 1.8477076292037964
11, 20, 0.6262626051902771, 1.623285174369812
11, 17, 0.16161616146564484, 2.3212594985961914
11, 27, 0.34343433380126953, 1.6822088956832886
11, 6, 0.2373737394809723, 1.8044953346252441
11, 11, 0.18274112045764923, 1.9104636907577515
11, 2, 0.6616161465644836, 1.7531708478927612
11, 13, 0.07614213228225708, 1.837364912033081
11, 19, 0.3636363744735718, 2.0016720294952393
11, 28, 0.17171716690063477, 2.241881847381592
11, 18, 0.01515151560306549, 2.0835659503936768
12, 6, 0.23232322931289673, 1.7858835458755493
12, 10, 0.839195966720581, 1.3417555093765259
12, 27, 0.39898988604545593, 1.3698176145553589
12, 18, 0.04545454680919647, 1.9955816268920898
12, 16, 0.752525269985199, 1.6602776050567627
12, 26, 0.020202020183205605, 2.6332526206970215
12, 22, 0.17676767706871033, 1.9436599016189575
12, 5, 0.4517766535282135, 1.6655595302581787
12, 9, 0.17587940394878387, 1.8418643474578857
12, 17, 0.11616161465644836, 2.249941110610962
12, 2, 0.631313145160675, 1.8299314975738525
12, 25, 0.02010050229728222, 2.753997325897217
12, 8, 0.05050504952669144, 1.3720804452896118
12, 0, 0.5177664756774902, 1.7303450107574463
12, 11, 0.1675126850605011, 1.8558019399642944
12, 7, 0.8743718862533569, 0.8567521572113037
12, 15, 0.09595959633588791, 1.9290525913238525
12, 12, 0.5101010203361511, 1.751238465309143
12, 21, 0.04545454680919647, 2.588160276412964
12, 14, 0.4010152220726013, 2.100435256958008
12, 1, 0.1421319842338562, 1.9883357286453247
12, 4, 0.010101010091602802, 4.392545223236084
12, 3, 0.7171717286109924, 1.5979403257369995
12, 20, 0.7121211886405945, 1.492728352546692
12, 29, 0.3080808222293854, 1.8435715436935425
12, 19, 0.02525252476334572, 2.430030345916748
12, 28, 0.2070707082748413, 2.46046781539917
12, 23, 0.18686868250370026, 1.8865914344787598
12, 24, 0.5101010203361511, 1.5234990119934082
12, 13, 0.020304568111896515, 1.9797813892364502
13, 9, 0.2261306494474411, 1.77991783618927
13, 29, 0.5, 1.7804259061813354
13, 28, 0.12121212482452393, 2.391538143157959
13, 15, 0.28282827138900757, 1.8449374437332153
13, 0, 0.11167512834072113, 1.9398339986801147
13, 17, 0.35353535413742065, 2.2634172439575195
13, 23, 0.02525252476334572, 2.117966413497925
13, 20, 0.7424242496490479, 1.535910725593567
13, 27, 0.25757575035095215, 1.8526581525802612
13, 11, 0.15736040472984314, 1.956061840057373
13, 25, 0.030150754377245903, 2.0006144046783447
13, 14, 0.4060913622379303, 2.0993120670318604
13, 13, 0.020304568111896515, 1.9425122737884521
13, 19, 0.5151515007019043, 1.8444833755493164
13, 26, 0.035353533923625946, 2.566232204437256
13, 12, 0.4444444477558136, 1.8201584815979004
13, 18, 0.04040404036641121, 2.0360171794891357
13, 22, 0.2626262605190277, 1.8663365840911865
13, 3, 0.7272727489471436, 1.631658673286438
13, 1, 0.0964467003941536, 2.031832456588745
13, 21, 0.005050505045801401, 2.4028265476226807
13, 2, 0.7171717286109924, 1.7086378335952759
13, 24, 0.5202020406723022, 1.641103982925415
13, 6, 0.28787878155708313, 1.735693097114563
13, 16, 0.752525269985199, 1.6246778964996338
13, 8, 0.020202020183205605, 1.4053717851638794
13, 4, 0.04545454680919647, 2.354241371154785
13, 7, 0.8894472122192383, 1.1238586902618408
13, 10, 0.9346733689308167, 1.198815941810608
13, 5, 0.5228426456451416, 1.6202774047851562
14, 11, 0.13197968900203705, 1.9145890474319458
14, 8, 0.8989899158477783, 0.8193888068199158
14, 20, 0.7373737096786499, 1.550098180770874
14, 0, 0.16243654489517212, 1.8919389247894287
14, 13, 0.010152284055948257, 1.9057912826538086
14, 17, 0.3080808222293854, 2.2640178203582764
14, 6, 0.24747474491596222, 1.7961194515228271
14, 23, 0.05050504952669144, 1.9309265613555908
14, 22, 0.2373737394809723, 1.92153000831604
14, 28, 0.2222222238779068, 2.402554750442505
14, 16, 0.8181818127632141, 1.5362536907196045
14, 27, 0.42424243688583374, 1.4232677221298218
14, 18, 0.005050505045801401, 2.0527243614196777
14, 10, 0.17085427045822144, 1.3149853944778442
14, 25, 0.02010050229728222, 2.7635340690612793
14, 24, 0.4898989796638489, 1.5937362909317017
14, 7, 0.9648241400718689, 0.6854593753814697
14, 21, 0.02525252476334572, 2.4399983882904053
14, 5, 0.5025380849838257, 1.5461390018463135
14, 29, 0.26767677068710327, 1.7593122720718384
14, 14, 0.43654823303222656, 2.077141284942627
14, 15, 0.05050504952669144, 1.9426789283752441
14, 26, 0.02525252476334572, 2.491455316543579
14, 12, 0.44949495792388916, 1.790891408920288
14, 1, 0.11675126850605011, 1.9891164302825928
14, 2, 0.752525269985199, 1.6501805782318115
14, 9, 0.17587940394878387, 1.8322969675064087
14, 3, 0.7323232293128967, 1.657733678817749
14, 19, 0.05050504952669144, 2.1960175037384033
14, 4, 0.02525252476334572, 3.2829501628875732
15, 4, 0.04545454680919647, 2.4692749977111816
15, 0, 0.22335025668144226, 1.7842811346054077
15, 29, 0.49494948983192444, 1.6788415908813477
15, 15, 0.25757575035095215, 1.831822395324707
15, 2, 0.691919207572937, 1.7410608530044556
15, 26, 0.06060606241226196, 2.482327699661255
15, 24, 0.5050504803657532, 1.5956398248672485
15, 27, 0.35353535413742065, 1.6336076259613037
15, 20, 0.7121211886405945, 1.5832394361495972
15, 12, 0.469696968793869, 1.8063650131225586
15, 23, 0.07070706784725189, 1.910256266593933
15, 16, 0.7373737096786499, 1.6143983602523804
15, 28, 0.14141413569450378, 2.357851266860962
15, 7, 0.8994975090026855, 1.0863566398620605
15, 5, 0.5126903653144836, 1.492727518081665
15, 22, 0.21212121844291687, 1.8770793676376343
15, 19, 0.42424243688583374, 1.8596251010894775
15, 14, 0.39593908190727234, 2.07202410697937
15, 6, 0.2525252401828766, 1.7504162788391113
15, 8, 0.16161616146564484, 1.3660321235656738
15, 1, 0.20812182128429413, 1.909000277519226
15, 17, 0.33838382363319397, 2.2312684059143066
15, 11, 0.15228426456451416, 1.8926975727081299
15, 18, 0.07070706784725189, 1.9273056983947754
15, 25, 0.02512562833726406, 1.9445170164108276
15, 21, 0.035353533923625946, 2.4885525703430176
15, 10, 0.7487437129020691, 1.2798618078231812
15, 3, 0.691919207572937, 1.6895999908447266
15, 9, 0.20603014528751373, 1.7726905345916748
15, 13, 0.0710659921169281, 1.9974433183670044
16, 25, 0.02010050229728222, 2.5861048698425293
16, 23, 0.0555555559694767, 1.9791481494903564
16, 1, 0.21827411651611328, 1.848612666130066
16, 16, 0.7878788113594055, 1.4900665283203125
16, 7, 0.9597989916801453, 0.696185827255249
16, 6, 0.23232322931289673, 1.7314389944076538
16, 0, 0.15736040472984314, 1.7918106317520142
16, 27, 0.4141414165496826, 1.5644183158874512
16, 4, 0.02525252476334572, 2.547849655151367
16, 10, 0.6482412219047546, 1.2659425735473633
16, 12, 0.46464645862579346, 1.7211499214172363
16, 17, 0.3888888955116272, 2.0999388694763184
16, 29, 0.44949495792388916, 1.6599191427230835
16, 18, 0.010101010091602802, 2.075929641723633
16, 14, 0.4314720928668976, 2.102670907974243
16, 11, 0.15228426456451416, 1.7368701696395874
16, 9, 0.22110553085803986, 1.705581545829773
16, 13, 0.0, 1.8839111328125
16, 21, 0.06060606241226196, 2.25447416305542
16, 28, 0.14646464586257935, 2.4841394424438477
16, 20, 0.7020202279090881, 1.5411176681518555
16, 22, 0.16161616146564484, 1.9271576404571533
16, 5, 0.5532994866371155, 1.4814919233322144
16, 26, 0.05050504952669144, 2.5178475379943848
16, 19, 0.3333333432674408, 1.8817335367202759
16, 24, 0.49494948983192444, 1.4855608940124512
16, 15, 0.12121212482452393, 1.8656648397445679
16, 2, 0.752525269985199, 1.5956836938858032
16, 3, 0.6868686676025391, 1.6341720819473267
16, 8, 0.7777777910232544, 1.111733078956604
17, 14, 0.3096446692943573, 2.085711717605591
17, 6, 0.26767677068710327, 1.6678779125213623
17, 18, 0.10101009905338287, 1.9333897829055786
17, 21, 0.0555555559694767, 2.4261362552642822
17, 23, 0.09595959633588791, 2.0443806648254395
17, 24, 0.5202020406723022, 1.5435947179794312
17, 20, 0.7929292917251587, 1.3906214237213135
17, 5, 0.5736040472984314, 1.5049623250961304
17, 17, 0.4191919267177582, 1.9255332946777344
17, 2, 0.6616161465644836, 1.636122703552246
17, 7, 0.9396985173225403, 0.9702998995780945
17, 15, 0.5555555820465088, 1.6917028427124023
17, 27, 0.42424243688583374, 1.5764954090118408
17, 12, 0.4898989796638489, 1.6480419635772705
17, 10, 0.9045225977897644, 1.0317745208740234
17, 3, 0.8131313323974609, 1.4980231523513794
17, 26, 0.05050504952669144, 2.506373882293701
17, 28, 0.1818181872367859, 2.4546377658843994
17, 9, 0.2713567912578583, 1.5910086631774902
17, 1, 0.15228426456451416, 1.8554672002792358
17, 13, 0.25380709767341614, 1.7826274633407593
17, 25, 0.13567839562892914, 1.7240488529205322
17, 4, 0.035353533923625946, 2.425618886947632
17, 16, 0.5909090638160706, 1.6506305932998657
17, 0, 0.1421319842338562, 1.7367501258850098
17, 22, 0.1818181872367859, 1.9130449295043945
17, 11, 0.19796954095363617, 1.889540672302246
17, 29, 0.4040403962135315, 1.6992334127426147
17, 19, 0.2777777910232544, 1.8747990131378174
17, 8, 0.29797980189323425, 1.1355642080307007
18, 28, 0.0555555559694767, 2.5213303565979004
18, 15, 0.4292929172515869, 1.6021430492401123
18, 27, 0.32828283309936523, 1.5486212968826294
18, 3, 0.7323232293128967, 1.4966102838516235
18, 16, 0.6818181872367859, 1.607134461402893
18, 2, 0.5959596037864685, 1.759661316871643
18, 11, 0.11675126850605011, 1.858158826828003
18, 19, 0.3787878751754761, 1.7876839637756348
18, 7, 0.9849246144294739, 0.6385456919670105
18, 17, 0.36868685483932495, 2.137070417404175
18, 18, 0.11616161465644836, 1.9509042501449585
18, 1, 0.2385786771774292, 1.767248511314392
18, 0, 0.18274112045764923, 1.7436118125915527
18, 12, 0.4848484992980957, 1.5612033605575562
18, 20, 0.7424242496490479, 1.4062061309814453
18, 14, 0.3401015102863312, 2.090162515640259
18, 13, 0.03553299605846405, 2.0065207481384277
18, 10, 0.08542713522911072, 1.515660285949707
18, 24, 0.4040403962135315, 1.6446696519851685
18, 26, 0.05050504952669144, 2.5271642208099365
18, 25, 0.02010050229728222, 2.7472758293151855
18, 22, 0.1818181872367859, 1.918641209602356
18, 6, 0.32828283309936523, 1.6587541103363037
18, 8, 0.8888888955116272, 0.8655008673667908
18, 29, 0.44949495792388916, 1.6344436407089233
18, 9, 0.2964824140071869, 1.6523877382278442
18, 21, 0.08585858345031738, 2.1801228523254395
18, 4, 0.03030303120613098, 2.5253705978393555
18, 5, 0.5279187560081482, 1.5052424669265747
18, 23, 0.06060606241226196, 1.9517685174942017
19, 16, 0.752525269985199, 1.491374135017395
19, 3, 0.7020202279090881, 1.4826966524124146
19, 28, 0.19191919267177582, 2.5161614418029785
19, 14, 0.42131978273391724, 1.9663575887680054
19, 20, 0.7020202279090881, 1.3940893411636353
19, 9, 0.2613065242767334, 1.7172719240188599
19, 25, 0.14572864770889282, 1.8161078691482544
19, 17, 0.35353535413742065, 2.237299680709839
19, 15, 0.3484848439693451, 1.6992266178131104
19, 29, 0.4141414165496826, 1.6058013439178467
19, 23, 0.12121212482452393, 1.857765555381775
19, 2, 0.7020202279090881, 1.5784432888031006
19, 4, 0.03030303120613098, 2.584152936935425
19, 11, 0.3502538204193115, 1.6728118658065796
19, 13, 0.010152284055948257, 1.9268609285354614
19, 24, 0.5909090638160706, 1.5163352489471436
19, 22, 0.19696970283985138, 1.9000164270401
19, 6, 0.28787878155708313, 1.6875892877578735
19, 0, 0.27411168813705444, 1.7259191274642944
19, 18, 0.08080808073282242, 1.9828280210494995
19, 5, 0.5634517669677734, 1.4423942565917969
19, 26, 0.08080808073282242, 2.552891969680786
19, 1, 0.25380709767341614, 1.7331454753875732
19, 21, 0.0555555559694767, 2.2309234142303467
19, 7, 0.9145728349685669, 1.0441670417785645
19, 10, 0.7989949584007263, 1.1911048889160156
19, 8, 0.6767676472663879, 1.2396520376205444
19, 27, 0.39393940567970276, 1.4884328842163086
19, 19, 0.28787878155708313, 1.8160591125488281
19, 12, 0.44949495792388916, 1.546037197113037
20, 27, 0.39898988604545593, 1.4568109512329102
20, 21, 0.3333333432674408, 1.957758903503418
20, 2, 0.6262626051902771, 1.606664776802063
20, 22, 0.20202019810676575, 1.8640611171722412
20, 10, 0.16080401837825775, 1.4366568326950073
20, 28, 0.21212121844291687, 2.497323751449585
20, 7, 0.9447236061096191, 0.575204074382782
20, 3, 0.6515151262283325, 1.3774693012237549
20, 8, 0.7828282713890076, 1.1430851221084595
20, 23, 0.19191919267177582, 1.8795121908187866
20, 6, 0.2929292917251587, 1.5955915451049805
20, 14, 0.27411168813705444, 2.0551974773406982
20, 11, 0.24365481734275818, 1.6816178560256958
20, 25, 0.02010050229728222, 2.666231870651245
20, 26, 0.07575757801532745, 2.677999496459961
20, 29, 0.3787878751754761, 1.6181219816207886
20, 5, 0.5685279369354248, 1.4810181856155396
20, 1, 0.4517766535282135, 1.6638166904449463
20, 16, 0.3787878751754761, 1.6222846508026123
20, 13, 0.18274112045764923, 1.8382561206817627
20, 24, 0.4747474789619446, 1.5388472080230713
20, 18, 0.1515151560306549, 1.8467838764190674
20, 0, 0.2588832378387451, 1.6106632947921753
20, 4, 0.02525252476334572, 2.7991199493408203
20, 19, 0.32828283309936523, 1.8550710678100586
20, 15, 0.7171717286109924, 1.3924517631530762
20, 9, 0.3065326511859894, 1.55772864818573
20, 17, 0.39898988604545593, 1.9700573682785034
20, 12, 0.6212121248245239, 1.407795786857605
20, 20, 0.7070707082748413, 1.2404764890670776
21, 16, 0.39898988604545593, 1.6138179302215576
21, 26, 0.06565656512975693, 2.5415427684783936
21, 2, 0.5656565427780151, 1.6707265377044678
21, 8, 0.7575757503509521, 1.273112416267395
21, 5, 0.5939086079597473, 1.3838268518447876
21, 27, 0.38383838534355164, 1.5474799871444702
21, 7, 0.9447236061096191, 0.8772603869438171
21, 22, 0.18686868250370026, 1.9228936433792114
21, 25, 0.060301508754491806, 1.7666544914245605
21, 13, 0.20812182128429413, 1.8789315223693848
21, 15, 0.7373737096786499, 1.4060025215148926
21, 29, 0.4747474789619446, 1.5458159446716309
21, 11, 0.22842639684677124, 1.8622993230819702
21, 21, 0.11616161465644836, 1.9812333583831787
21, 28, 0.19191919267177582, 2.3957037925720215
21, 20, 0.8030303120613098, 1.1518884897232056
21, 10, 0.7688442468643188, 1.2566241025924683
21, 3, 0.7777777910232544, 1.29427170753479
21, 24, 0.469696968793869, 1.590701937675476
21, 6, 0.3484848439693451, 1.5713396072387695
21, 14, 0.27411168813705444, 2.0714824199676514
21, 9, 0.35175880789756775, 1.5996735095977783
21, 17, 0.3585858643054962, 2.2595016956329346
21, 18, 0.1666666716337204, 1.8294813632965088
21, 0, 0.23350253701210022, 1.655973196029663
21, 23, 0.2070707082748413, 1.7694116830825806
21, 1, 0.24365481734275818, 1.758251667022705
21, 4, 0.05050504952669144, 2.512583017349243
21, 19, 0.33838382363319397, 1.7952463626861572
21, 12, 0.5353535413742065, 1.4091476202011108
22, 28, 0.13636364042758942, 2.429769992828369
22, 20, 0.808080792427063, 1.1629605293273926
22, 9, 0.32663315534591675, 1.5445590019226074
22, 29, 0.40909090638160706, 1.5558598041534424
22, 21, 0.08585858345031738, 2.0422751903533936
22, 19, 0.2929292917251587, 1.8241299390792847
22, 0, 0.2588832378387451, 1.5990511178970337
22, 27, 0.4444444477558136, 1.4648394584655762
22, 14, 0.29949238896369934, 1.9926764965057373
22, 17, 0.38383838534355164, 2.005718231201172
22, 25, 0.02010050229728222, 2.5570662021636963
22, 4, 0.03030303120613098, 2.7533810138702393
22, 15, 0.7424242496490479, 1.348685622215271
22, 13, 0.17766498029232025, 1.9008349180221558
22, 1, 0.24365481734275818, 1.7470159530639648
22, 11, 0.41624364256858826, 1.505391240119934
22, 7, 0.9396985173225403, 0.6935041546821594
22, 3, 0.747474730014801, 1.3035529851913452
22, 18, 0.13131313025951385, 1.849488377571106
22, 26, 0.06060606241226196, 2.5051872730255127
22, 16, 0.39898988604545593, 1.613751769065857
22, 6, 0.34343433380126953, 1.5660405158996582
22, 23, 0.20202019810676575, 1.8031214475631714
22, 2, 0.6616161465644836, 1.5609325170516968
22, 8, 0.8787878751754761, 0.8827084898948669
22, 12, 0.49494948983192444, 1.4458009004592896
22, 5, 0.5786802172660828, 1.4311387538909912
22, 10, 0.311557799577713, 1.3363956212997437
22, 24, 0.5404040217399597, 1.4242970943450928
22, 22, 0.19696970283985138, 1.9372960329055786
23, 25, 0.05025125667452812, 1.9173797369003296
23, 13, 0.3807106614112854, 1.8394482135772705
23, 29, 0.4444444477558136, 1.5242446660995483
23, 12, 0.6666666865348816, 1.31194007396698
23, 2, 0.5909090638160706, 1.6344451904296875
23, 18, 0.1818181872367859, 1.813918113708496
23, 17, 0.39393940567970276, 2.3589584827423096
23, 7, 0.9195979833602905, 0.7450188398361206
23, 11, 0.2588832378387451, 1.8253973722457886
23, 4, 0.08080808073282242, 2.4603588581085205
23, 10, 0.5226130485534668, 1.269553542137146
23, 16, 0.4292929172515869, 1.6532859802246094
23, 27, 0.4040403962135315, 1.5506640672683716
23, 28, 0.17171716690063477, 2.2992990016937256
23, 22, 0.21212121844291687, 1.8214257955551147
23, 3, 0.6666666865348816, 1.2745516300201416
23, 8, 0.23232322931289673, 1.4241400957107544
23, 6, 0.34343433380126953, 1.5570727586746216
23, 9, 0.3216080367565155, 1.5626864433288574
23, 24, 0.5656565427780151, 1.4590919017791748
23, 19, 0.3787878751754761, 1.822240948677063
23, 23, 0.13131313025951385, 1.8566522598266602
23, 20, 0.747474730014801, 1.1192493438720703
23, 14, 0.2893401086330414, 1.9658432006835938
23, 5, 0.5939086079597473, 1.2863292694091797
23, 26, 0.0555555559694767, 2.721526861190796
23, 21, 0.08080808073282242, 2.1100404262542725
23, 15, 0.7424242496490479, 1.4253215789794922
23, 0, 0.15228426456451416, 1.6618472337722778
23, 1, 0.4720812141895294, 1.6405577659606934
24, 4, 0.0555555559694767, 2.6103992462158203
24, 9, 0.43216079473495483, 1.4622689485549927
24, 14, 0.3147208094596863, 1.9368460178375244
24, 19, 0.26767677068710327, 1.8674858808517456
24, 20, 0.7727272510528564, 1.1285383701324463
24, 10, 0.2613065242767334, 1.4478954076766968
24, 11, 0.5583756566047668, 1.3666090965270996
24, 26, 0.09090909361839294, 2.501343011856079
24, 27, 0.4040403962135315, 1.4476172924041748
24, 8, 0.8939393758773804, 0.7387101650238037
24, 12, 0.4898989796638489, 1.455902099609375
24, 23, 0.23232322931289673, 1.721174716949463
24, 1, 0.25380709767341614, 1.736770510673523
24, 29, 0.42424243688583374, 1.5082062482833862
24, 17, 0.3787878751754761, 2.238217830657959
24, 6, 0.4343434274196625, 1.4506235122680664
24, 0, 0.12182740867137909, 1.704238772392273
24, 7, 0.8994975090026855, 0.7621937394142151
24, 24, 0.560606062412262, 1.4015841484069824
24, 21, 0.06565656512975693, 2.4622933864593506
24, 13, 0.20304568111896515, 1.9172519445419312
24, 2, 0.631313145160675, 1.5547913312911987
24, 28, 0.18686868250370026, 2.2983853816986084
24, 15, 0.6818181872367859, 1.405530571937561
24, 18, 0.18686868250370026, 1.779089093208313
24, 16, 0.4595959484577179, 1.6432437896728516
24, 5, 0.5837563276290894, 1.2946887016296387
24, 22, 0.3080808222293854, 1.7405112981796265
24, 25, 0.035175878554582596, 2.035604476928711
24, 3, 0.7575757503509521, 1.3085668087005615
25, 27, 0.4040403962135315, 1.4954293966293335
25, 29, 0.3585858643054962, 1.5121506452560425
25, 9, 0.4170854389667511, 1.4817379713058472
25, 26, 0.07575757801532745, 2.61393404006958
25, 20, 0.7424242496490479, 1.1301145553588867
25, 25, 0.02010050229728222, 2.0535662174224854
25, 5, 0.5279187560081482, 1.3431386947631836
25, 2, 0.40909090638160706, 1.7971805334091187
25, 6, 0.42424243688583374, 1.45979642868042
25, 16, 0.32828283309936523, 1.825425386428833
25, 12, 0.6060606241226196, 1.3343262672424316
25, 15, 0.7777777910232544, 1.3309229612350464
25, 0, 0.1421319842338562, 1.6744499206542969
25, 17, 0.36868685483932495, 2.3917670249938965
25, 3, 0.6969696879386902, 1.2584785223007202
25, 10, 0.7537688612937927, 1.1004942655563354
25, 14, 0.20812182128429413, 2.0510871410369873
25, 13, 0.46700507402420044, 1.7681719064712524
25, 23, 0.14646464586257935, 1.8074530363082886
25, 11, 0.39086294174194336, 1.5953116416931152
25, 28, 0.20202019810676575, 2.229745626449585
25, 24, 0.5404040217399597, 1.387347936630249
25, 4, 0.06060606241226196, 2.533742904663086
25, 8, 0.20202019810676575, 1.4254709482192993
25, 7, 0.9346733689308167, 0.6996781229972839
25, 21, 0.06565656512975693, 2.6585137844085693
25, 18, 0.2626262605190277, 1.7612972259521484
25, 19, 0.2373737394809723, 1.8089920282363892
25, 22, 0.27272728085517883, 1.796324610710144
25, 1, 0.39593908190727234, 1.6869704723358154
26, 6, 0.3888888955116272, 1.449899435043335
26, 26, 0.11616161465644836, 2.609692096710205
26, 17, 0.35353535413742065, 2.277214527130127
26, 4, 0.05050504952669144, 2.8990490436553955
26, 2, 0.5353535413742065, 1.628933072090149
26, 29, 0.4292929172515869, 1.4517509937286377
26, 16, 0.36868685483932495, 1.7355750799179077
26, 13, 0.5126903653144836, 1.6759142875671387
26, 14, 0.2385786771774292, 2.024663209915161
26, 27, 0.43939393758773804, 1.3629488945007324
26, 11, 0.6751269102096558, 1.133643627166748
26, 12, 0.5202020406723022, 1.3728736639022827
26, 23, 0.14141413569450378, 1.8079817295074463
26, 20, 0.7626262903213501, 1.0743367671966553
26, 9, 0.3919597864151001, 1.4775983095169067
26, 24, 0.560606062412262, 1.4329451322555542
26, 1, 0.2690355181694031, 1.679775357246399
26, 8, 0.8989899158477783, 0.712393045425415
26, 18, 0.20202019810676575, 1.741805911064148
26, 25, 0.02512562833726406, 1.9915118217468262
26, 7, 0.8190954923629761, 0.8598673939704895
26, 19, 0.26767677068710327, 1.9284766912460327
26, 28, 0.19696970283985138, 2.35154128074646
26, 3, 0.752525269985199, 1.1954187154769897
26, 10, 0.11055276542901993, 1.6421043872833252
26, 22, 0.2777777910232544, 1.8144268989562988
26, 0, 0.20812182128429413, 1.636418104171753
26, 5, 0.5482233762741089, 1.2983253002166748
26, 21, 0.06565656512975693, 2.618425130844116
26, 15, 0.7676767706871033, 1.3049821853637695
27, 27, 0.4191919267177582, 1.4925575256347656
27, 23, 0.20202019810676575, 1.720166802406311
27, 17, 0.32828283309936523, 2.4167604446411133
27, 7, 0.9547738432884216, 0.40940389037132263
27, 11, 0.2791878283023834, 1.6865415573120117
27, 12, 0.47979798913002014, 1.4148731231689453
27, 15, 0.7626262903213501, 1.3102763891220093
27, 5, 0.5025380849838257, 1.3117969036102295
27, 29, 0.4191919267177582, 1.5238009691238403
27, 9, 0.4422110617160797, 1.508833885192871
27, 3, 0.6767676472663879, 1.288020133972168
27, 25, 0.02010050229728222, 2.1907429695129395
27, 21, 0.06060606241226196, 2.542386531829834
27, 1, 0.29949238896369934, 1.6339516639709473
27, 16, 0.4343434274196625, 1.6744098663330078
27, 6, 0.43939393758773804, 1.4464112520217896
27, 18, 0.2626262605190277, 1.7069672346115112
27, 13, 0.4517766535282135, 1.7524925470352173
27, 24, 0.5151515007019043, 1.4553842544555664
27, 28, 0.21717171370983124, 2.2279396057128906
27, 19, 0.36868685483932495, 1.741686463356018
27, 2, 0.5101010203361511, 1.6720296144485474
27, 4, 0.06565656512975693, 2.473249912261963
27, 8, 0.38383838534355164, 1.2908833026885986
27, 20, 0.7121211886405945, 1.170263409614563
27, 26, 0.13636364042758942, 2.6186249256134033
27, 14, 0.2690355181694031, 1.9748492240905762
27, 22, 0.3636363744735718, 1.6345423460006714
27, 0, 0.2893401086330414, 1.5469019412994385
27, 10, 0.7236180901527405, 1.0132179260253906
28, 23, 0.17676767706871033, 1.8075672388076782
28, 19, 0.2929292917251587, 1.9661753177642822
28, 13, 0.2842639684677124, 1.9200913906097412
28, 4, 0.05050504952669144, 3.062924385070801
28, 10, 0.21105527877807617, 1.4068292379379272
28, 7, 0.8793969750404358, 0.8249726295471191
28, 17, 0.3636363744735718, 2.3633127212524414
28, 18, 0.2070707082748413, 1.7438582181930542
28, 28, 0.20202019810676575, 2.236398220062256
28, 16, 0.5353535413742065, 1.5034321546554565
28, 29, 0.46464645862579346, 1.4613269567489624
28, 22, 0.24242424964904785, 1.8877267837524414
28, 11, 0.624365508556366, 1.230656623840332
28, 20, 0.808080792427063, 0.9853787422180176
28, 3, 0.752525269985199, 1.1522587537765503
28, 9, 0.5125628113746643, 1.4137440919876099
28, 5, 0.5177664756774902, 1.3390021324157715
28, 25, 0.030150754377245903, 1.9096626043319702
28, 14, 0.3299492299556732, 1.787593960762024
28, 1, 0.3147208094596863, 1.685789942741394
28, 12, 0.5656565427780151, 1.24416184425354
28, 15, 0.7222222089767456, 1.3002363443374634
28, 24, 0.5959596037864685, 1.3257290124893188
28, 21, 0.07070706784725189, 2.6283702850341797
28, 6, 0.5151515007019043, 1.3530797958374023
28, 27, 0.44949495792388916, 1.3254729509353638
28, 0, 0.18274112045764923, 1.6201528310775757
28, 2, 0.6565656661987305, 1.4253829717636108
28, 26, 0.08585858345031738, 2.5283827781677246
28, 8, 0.8535353541374207, 0.8671956062316895
29, 20, 0.7676767706871033, 1.0360621213912964
29, 19, 0.2626262605190277, 1.763805866241455
29, 28, 0.20202019810676575, 2.0993354320526123
29, 24, 0.5353535413742065, 1.4145796298980713
29, 6, 0.5151515007019043, 1.3419227600097656
29, 27, 0.4292929172515869, 1.4653546810150146
29, 7, 0.9447236061096191, 0.36595451831817627
29, 3, 0.747474730014801, 1.1856086254119873
29, 17, 0.36868685483932495, 2.3519182205200195
29, 16, 0.47979798913002014, 1.635705828666687
29, 10, 0.7788944840431213, 0.970833420753479
29, 1, 0.3350253701210022, 1.7431590557098389
29, 12, 0.6464646458625793, 1.297911524772644
29, 8, 0.469696968793869, 1.2341238260269165
29, 25, 0.02512562833726406, 2.362438917160034
29, 11, 0.3147208094596863, 1.6159693002700806
29, 9, 0.4974874258041382, 1.3956353664398193
29, 29, 0.38383838534355164, 1.5330173969268799
29, 4, 0.06565656512975693, 2.5674819946289062
29, 5, 0.5076141953468323, 1.288884162902832
29, 15, 0.6666666865348816, 1.4350169897079468
29, 23, 0.1262626200914383, 1.8476979732513428
29, 22, 0.31313130259513855, 1.6805037260055542
29, 0, 0.13197968900203705, 1.6661827564239502
29, 13, 0.46192893385887146, 1.7367298603057861
29, 18, 0.22727273404598236, 1.7162238359451294
29, 21, 0.06060606241226196, 2.6547513008117676
29, 2, 0.6212121248245239, 1.4861996173858643
29, 26, 0.08585858345031738, 2.587042808532715
29, 14, 0.3096446692943573, 1.7890571355819702
30, 0, 0.005076142027974129, 2.650101900100708
30, 22, 0.12121212482452393, 7.436191082000732
30, 23, 0.5959596037864685, 1.465228796005249
30, 6, 0.4191919267177582, 1.4271320104599
30, 5, 0.1421319842338562, 2.337825059890747
30, 26, 0.1666666716337204, 2.791576623916626
30, 2, 0.7626262903213501, 1.0307626724243164
30, 8, 0.5454545617103577, 1.7628388404846191
30, 3, 0.3232323229312897, 1.8494104146957397
30, 11, 0.5532994866371155, 1.2384361028671265
30, 24, 0.35353535413742065, 6.23292350769043
30, 13, 0.4060913622379303, 3.055363178253174
30, 27, 0.1515151560306549, 3.708559989929199
30, 1, 0.3096446692943573, 3.0071487426757812
30, 19, 0.21212121844291687, 5.969417095184326
30, 15, 0.10606060922145844, 2.4583864212036133
30, 16, 0.4292929172515869, 5.304135799407959
30, 9, 0.2010050266981125, 7.045470237731934
30, 12, 0.28787878155708313, 1.9081112146377563
30, 10, 0.02010050229728222, 8.805620193481445
30, 7, 0.28140702843666077, 1.7719839811325073
30, 18, 0.49494948983192444, 3.2111294269561768
30, 21, 0.3787878751754761, 1.3343795537948608
30, 17, 0.19191919267177582, 2.2310194969177246
30, 29, 0.3636363744735718, 1.8249720335006714
30, 25, 0.015075377188622952, 3.2399096488952637
30, 14, 0.37055838108062744, 2.476081609725952
30, 20, 0.08585858345031738, 8.592523574829102
30, 28, 0.18686868250370026, 2.1749508380889893
30, 4, 0.7777777910232544, 1.3867347240447998
31, 12, 0.2070707082748413, 1.9621613025665283
31, 16, 0.7878788113594055, 1.5088796615600586
31, 28, 0.7121211886405945, 1.1211131811141968
31, 17, 0.28282827138900757, 1.9464768171310425
31, 8, 0.7777777910232544, 0.9212517738342285
31, 2, 0.26767677068710327, 1.8809176683425903
31, 22, 0.02525252476334572, 3.638122320175171
31, 26, 0.39393940567970276, 2.296060085296631
31, 10, 0.909547746181488, 1.6309895515441895
31, 13, 0.5025380849838257, 1.9126213788986206
31, 0, 0.22335025668144226, 2.1193454265594482
31, 23, 0.35353535413742065, 1.8650095462799072
31, 19, 0.5303030014038086, 1.6823229789733887
31, 15, 0.939393937587738, 0.7212623953819275
31, 5, 0.37055838108062744, 1.7297680377960205
31, 7, 0.979899525642395, 0.28730353713035583
31, 27, 0.02525252476334572, 2.353027582168579
31, 20, 0.8888888955116272, 1.5644876956939697
31, 4, 0.06565656512975693, 2.214099884033203
31, 11, 0.13197968900203705, 1.8793442249298096
31, 18, 0.5303030014038086, 1.9357985258102417
31, 21, 0.020202020183205605, 1.8081899881362915
31, 25, 0.5226130485534668, 1.3355845212936401
31, 24, 0.25757575035095215, 2.2417447566986084
31, 1, 0.46700507402420044, 1.9398285150527954
31, 14, 0.2842639684677124, 2.73875093460083
31, 29, 0.005050505045801401, 2.9795143604278564
31, 9, 0.6834170818328857, 1.725110650062561
31, 3, 0.1111111119389534, 1.962591290473938
31, 6, 0.14646464586257935, 1.7565040588378906
32, 19, 0.5555555820465088, 1.4341163635253906
32, 14, 0.3502538204193115, 2.0200366973876953
32, 1, 0.3604061007499695, 2.179966926574707
32, 5, 0.4720812141895294, 1.2998201847076416
32, 8, 0.7070707082748413, 1.2358888387680054
32, 0, 0.3147208094596863, 1.7088627815246582
32, 21, 0.13131313025951385, 1.8119949102401733
32, 12, 0.40909090638160706, 1.6678396463394165
32, 3, 0.4191919267177582, 1.6010023355484009
32, 20, 0.9040403962135315, 0.8794850707054138
32, 6, 0.5858585834503174, 1.4416329860687256
32, 27, 0.020202020183205605, 2.5436339378356934
32, 13, 0.055837564170360565, 1.911391019821167
32, 7, 0.8994975090026855, 0.8955390453338623
32, 11, 0.31979694962501526, 1.4949458837509155
32, 10, 0.9497487545013428, 0.8932768106460571
32, 25, 0.5879396796226501, 1.3432620763778687
32, 15, 0.9191918969154358, 0.7370583415031433
32, 29, 0.01515151560306549, 2.3317525386810303
32, 16, 0.6969696879386902, 1.117964744567871
32, 4, 0.06060606241226196, 2.2434887886047363
32, 18, 0.8131313323974609, 1.2657718658447266
32, 28, 0.6767676472663879, 1.1705609560012817
32, 26, 0.36868685483932495, 2.354703426361084
32, 9, 0.7386934757232666, 1.1857261657714844
32, 2, 0.5303030014038086, 1.510360598564148
32, 17, 0.3787878751754761, 1.6867609024047852
32, 24, 0.42424243688583374, 1.8331871032714844
32, 23, 0.19191919267177582, 1.9333213567733765
32, 22, 0.13131313025951385, 2.6813008785247803
33, 2, 0.44949495792388916, 1.5910600423812866
33, 13, 0.0710659921169281, 1.9371042251586914
33, 26, 0.35353535413742065, 2.259352207183838
33, 29, 0.020202020183205605, 2.479400873184204
33, 28, 0.6666666865348816, 1.0984082221984863
33, 22, 0.09595959633588791, 2.4352636337280273
33, 27, 0.04040404036641121, 2.399169683456421
33, 19, 0.5555555820465088, 1.456270456314087
33, 12, 0.4141414165496826, 1.778334140777588
33, 4, 0.0555555559694767, 2.122340679168701
33, 10, 0.9195979833602905, 0.9623181223869324
33, 6, 0.47979798913002014, 1.4993500709533691
33, 8, 0.7777777910232544, 1.085181713104248
33, 23, 0.3232323229312897, 1.6877310276031494
33, 11, 0.36548224091529846, 1.3703376054763794
33, 25, 0.4773869216442108, 1.4499694108963013
33, 7, 0.9497487545013428, 0.5822221040725708
33, 20, 0.8787878751754761, 0.9519127607345581
33, 17, 0.3232323229312897, 1.7111899852752686
33, 1, 0.39086294174194336, 2.152608633041382
33, 0, 0.3502538204193115, 1.7270395755767822
33, 18, 0.7323232293128967, 1.0908913612365723
33, 21, 0.21212121844291687, 1.5537405014038086
33, 5, 0.4822334945201874, 1.3211840391159058
33, 3, 0.43939393758773804, 1.6108015775680542
33, 15, 0.9040403962135315, 0.643259584903717
33, 24, 0.4343434274196625, 1.817395567893982
33, 9, 0.7286432385444641, 1.2292137145996094
33, 16, 0.7878788113594055, 1.1116245985031128
33, 14, 0.3045685291290283, 2.0529086589813232
34, 7, 0.9246231317520142, 0.776979923248291
34, 1, 0.3857868015766144, 2.0609476566314697
34, 25, 0.5276381969451904, 1.3278635740280151
34, 26, 0.3737373650074005, 2.156845808029175
34, 9, 0.733668327331543, 1.1181155443191528
34, 22, 0.1515151560306549, 2.4484753608703613
34, 10, 0.9396985173225403, 0.7948694229125977
34, 15, 0.9444444179534912, 0.5887340307235718
34, 11, 0.4111675024032593, 1.3726465702056885
34, 28, 0.7020202279090881, 1.0591639280319214
34, 6, 0.7272727489471436, 1.1981626749038696
34, 29, 0.03030303120613098, 2.384453535079956
34, 2, 0.2929292917251587, 1.6411333084106445
34, 12, 0.3585858643054962, 1.7785146236419678
34, 0, 0.5025380849838257, 1.5088822841644287
34, 19, 0.5555555820465088, 1.408044695854187
34, 3, 0.3333333432674408, 1.7707208395004272
34, 13, 0.09137056022882462, 1.811691164970398
34, 27, 0.04040404036641121, 2.485278606414795
34, 24, 0.4444444477558136, 1.6858574151992798
34, 14, 0.25380709767341614, 1.9625170230865479
34, 23, 0.3484848439693451, 1.6987676620483398
34, 20, 0.9040403962135315, 0.8052443861961365
34, 17, 0.3181818127632141, 1.7412574291229248
34, 4, 0.0555555559694767, 2.1711766719818115
34, 8, 0.752525269985199, 1.0997716188430786
34, 21, 0.2222222238779068, 1.6194053888320923
34, 16, 0.8232323527336121, 0.9773572087287903
34, 5, 0.4822334945201874, 1.300441026687622
34, 18, 0.7929292917251587, 0.9481503963470459
35, 23, 0.3484848439693451, 1.6512497663497925
35, 25, 0.5075376629829407, 1.3713117837905884
35, 3, 0.4040403962135315, 1.7016427516937256
35, 10, 0.9346733689308167, 0.879940927028656
35, 14, 0.2791878283023834, 1.9439417123794556
35, 6, 0.6666666865348816, 1.2779273986816406
35, 9, 0.733668327331543, 1.1508362293243408
35, 29, 0.06060606241226196, 2.4143826961517334
35, 26, 0.3585858643054962, 2.1581292152404785
35, 0, 0.5685279369354248, 1.404240608215332
35, 12, 0.3787878751754761, 1.8538479804992676
35, 18, 0.7121211886405945, 1.0106157064437866
35, 22, 0.13636364042758942, 2.479647159576416
35, 24, 0.4040403962135315, 1.6749277114868164
35, 16, 0.7979797720909119, 1.0382580757141113
35, 13, 0.17258882522583008, 1.7382782697677612
35, 5, 0.4771573543548584, 1.3061460256576538
35, 27, 0.04040404036641121, 2.349440336227417
35, 17, 0.3636363744735718, 1.6730369329452515
35, 21, 0.39393940567970276, 1.4504001140594482
35, 7, 0.9045225977897644, 0.6376799941062927
35, 4, 0.0555555559694767, 2.018082857131958
35, 11, 0.5076141953468323, 1.2185347080230713
35, 1, 0.3807106614112854, 1.942745566368103
35, 19, 0.560606062412262, 1.395398497581482
35, 15, 0.939393937587738, 0.5111768841743469
35, 2, 0.3030303120613098, 1.5682224035263062
35, 28, 0.6969696879386902, 1.0159006118774414
35, 8, 0.6818181872367859, 1.2040499448776245
35, 20, 0.9090909361839294, 0.8749951720237732
36, 28, 0.7171717286109924, 1.004988670349121
36, 2, 0.2525252401828766, 1.5747990608215332
36, 19, 0.5656565427780151, 1.3796203136444092
36, 3, 0.35353535413742065, 1.7818394899368286
36, 27, 0.04040404036641121, 2.559393882751465
36, 4, 0.0555555559694767, 2.1013801097869873
36, 29, 0.005050505045801401, 3.4316461086273193
36, 24, 0.4292929172515869, 1.6279728412628174
36, 14, 0.29441624879837036, 1.9477938413619995
36, 21, 0.2777777910232544, 1.4941052198410034
36, 22, 0.14646464586257935, 2.45149827003479
36, 16, 0.808080792427063, 0.9574574828147888
36, 5, 0.49238577485084534, 1.2928693294525146
36, 6, 0.747474730014801, 1.103906512260437
36, 18, 0.7727272510528564, 0.9175552129745483
36, 20, 0.9141414165496826, 0.7025193572044373
36, 1, 0.41624364256858826, 1.8405877351760864
36, 10, 0.9447236061096191, 0.6810519099235535
36, 23, 0.3232323229312897, 1.666346549987793
36, 13, 0.10152284055948257, 1.906072974205017
36, 26, 0.39393940567970276, 2.0807688236236572
36, 9, 0.7487437129020691, 1.0196330547332764
36, 8, 0.7676767706871033, 1.0283184051513672
36, 17, 0.27272728085517883, 1.7562810182571411
36, 0, 0.5279187560081482, 1.4384727478027344
36, 25, 0.45728641748428345, 1.4002494812011719
36, 7, 0.9195979833602905, 0.5005108714103699
36, 15, 0.9545454382896423, 0.5474331974983215
36, 11, 0.3502538204193115, 1.415127158164978
36, 12, 0.36868685483932495, 1.8340511322021484
37, 6, 0.7222222089767456, 1.1272603273391724
37, 3, 0.4040403962135315, 1.687727928161621
37, 28, 0.6969696879386902, 1.0139316320419312
37, 7, 0.9195979833602905, 0.7619174122810364
37, 17, 0.34343433380126953, 1.6739000082015991
37, 22, 0.14646464586257935, 2.3108577728271484
37, 13, 0.1928934007883072, 1.7123645544052124
37, 25, 0.4673366844654083, 1.409705638885498
37, 4, 0.0555555559694767, 2.359994649887085
37, 18, 0.8232323527336121, 0.792878270149231
37, 2, 0.33838382363319397, 1.4997891187667847
37, 26, 0.3636363744735718, 2.0812511444091797
37, 10, 0.9497487545013428, 0.6507255434989929
37, 19, 0.5707070827484131, 1.3923723697662354
37, 15, 0.9292929172515869, 0.5212632417678833
37, 29, 0.10606060922145844, 2.2567224502563477
37, 9, 0.7487437129020691, 1.0377295017242432
37, 5, 0.46700507402420044, 1.37815260887146
37, 1, 0.4060913622379303, 1.8806474208831787
37, 16, 0.7929292917251587, 0.9896267056465149
37, 20, 0.9090909361839294, 0.6891290545463562
37, 8, 0.7020202279090881, 1.135949969291687
37, 21, 0.35353535413742065, 1.4915708303451538
37, 11, 0.4111675024032593, 1.240791916847229
37, 23, 0.3030303120613098, 1.7545944452285767
37, 12, 0.39898988604545593, 1.8156975507736206
37, 14, 0.31979694962501526, 1.798024296760559
37, 0, 0.5076141953468323, 1.4129220247268677
37, 27, 0.04040404036641121, 2.394134044647217
37, 24, 0.42424243688583374, 1.6966063976287842
38, 0, 0.5228426456451416, 1.489437460899353
38, 22, 0.14141413569450378, 2.719597816467285
38, 11, 0.4568527936935425, 1.2472128868103027
38, 19, 0.5707070827484131, 1.3352835178375244
38, 17, 0.23232322931289673, 1.775702714920044
38, 8, 0.6818181872367859, 1.0306732654571533
38, 23, 0.31313130259513855, 1.7437816858291626
38, 29, 0.04040404036641121, 3.092735528945923
38, 13, 0.16243654489517212, 1.7774072885513306
38, 20, 0.9141414165496826, 0.6284133195877075
38, 24, 0.4595959484577179, 1.5477732419967651
38, 15, 0.9494949579238892, 0.6399078369140625
38, 6, 0.7121211886405945, 1.0857272148132324
38, 7, 0.909547746181488, 0.49930518865585327
38, 26, 0.3888888955116272, 2.00701904296875
38, 18, 0.7373737096786499, 0.9396898746490479
38, 27, 0.04040404036641121, 2.5300588607788086
38, 9, 0.7537688612937927, 0.9348199963569641
38, 4, 0.0555555559694767, 2.1335880756378174
38, 2, 0.2929292917251587, 1.585111379623413
38, 5, 0.48730963468551636, 1.265525460243225
38, 3, 0.40909090638160706, 1.6268590688705444
38, 14, 0.29949238896369934, 1.9920705556869507
38, 21, 0.46464645862579346, 1.289797067642212
38, 25, 0.32663315534591675, 1.6023430824279785
38, 16, 0.7929292917251587, 0.9059879183769226
38, 12, 0.39393940567970276, 1.798693299293518
38, 10, 0.9547738432884216, 0.5781612396240234
38, 28, 0.6868686676025391, 1.0288840532302856
38, 1, 0.4111675024032593, 1.7401454448699951
39, 18, 0.747474730014801, 0.9463016986846924
39, 19, 0.6010100841522217, 1.2407429218292236
39, 22, 0.18686868250370026, 2.22403883934021
39, 6, 0.7727272510528564, 0.9535745978355408
39, 11, 0.39086294174194336, 1.4012948274612427
39, 5, 0.4720812141895294, 1.3668245077133179
39, 0, 0.4771573543548584, 1.373731017112732
39, 8, 0.6060606241226196, 1.1998547315597534
39, 1, 0.3857868015766144, 1.8357733488082886
39, 17, 0.39393940567970276, 1.6251661777496338
39, 21, 0.4545454680919647, 1.4715559482574463
39, 12, 0.38383838534355164, 1.8182482719421387
39, 25, 0.572864294052124, 1.231858253479004
39, 9, 0.7487437129020691, 0.9780733585357666
39, 14, 0.3401015102863312, 1.8357735872268677
39, 10, 0.9447236061096191, 0.6943283677101135
39, 7, 0.9849246144294739, 0.38633987307548523
39, 27, 0.06060606241226196, 2.3399407863616943
39, 3, 0.39898988604545593, 1.6470110416412354
39, 16, 0.7626262903213501, 0.926738440990448
39, 24, 0.44949495792388916, 1.5499778985977173
39, 13, 0.18274112045764923, 1.7274564504623413
39, 20, 0.9090909361839294, 0.7138563990592957
39, 2, 0.42424243688583374, 1.445914387702942
39, 28, 0.691919207572937, 1.0007389783859253
39, 15, 0.939393937587738, 0.5548330545425415
39, 4, 0.08585858345031738, 1.9504859447479248
39, 23, 0.3333333432674408, 1.6175845861434937
39, 29, 0.04545454680919647, 2.7715094089508057
39, 26, 0.38383838534355164, 2.0075409412384033
40, 29, 0.1515151560306549, 2.626438856124878
40, 21, 0.46464645862579346, 1.272518277168274
40, 11, 0.4771573543548584, 1.1893014907836914
40, 24, 0.43939393758773804, 1.5319880247116089
40, 27, 0.04040404036641121, 2.5230066776275635
40, 17, 0.28282827138900757, 1.7530286312103271
40, 13, 0.15228426456451416, 1.7637912034988403
40, 7, 0.8643215894699097, 0.5898742079734802
40, 4, 0.07070706784725189, 2.0048489570617676
40, 5, 0.49238577485084534, 1.4953439235687256
40, 20, 0.9141414165496826, 0.644717276096344
40, 3, 0.3787878751754761, 1.6533583402633667
40, 0, 0.3299492299556732, 1.6698464155197144
40, 22, 0.16161616146564484, 2.7438063621520996
40, 9, 0.7587939500808716, 0.9131367206573486
40, 10, 0.9497487545013428, 0.6219635605812073
40, 6, 0.6767676472663879, 1.1251648664474487
40, 26, 0.39898988604545593, 1.9951696395874023
40, 2, 0.38383838534355164, 1.5861362218856812
40, 1, 0.43654823303222656, 1.7699486017227173
40, 15, 0.9494949579238892, 0.5124943256378174
40, 14, 0.3604061007499695, 1.9495673179626465
40, 12, 0.3787878751754761, 2.072187900543213
40, 18, 0.6717171669006348, 0.9740425944328308
40, 28, 0.6969696879386902, 0.9609470367431641
40, 23, 0.3484848439693451, 1.6053463220596313
40, 25, 0.31658291816711426, 1.6833308935165405
40, 8, 0.7121211886405945, 0.9341540336608887
40, 19, 0.6212121248245239, 1.1876869201660156
40, 16, 0.7929292917251587, 0.8400498032569885
41, 11, 0.4060913622379303, 1.485185146331787
41, 20, 0.8989899158477783, 0.6509735584259033
41, 29, 0.005050505045801401, 3.3070647716522217
41, 28, 0.6818181872367859, 0.9679775238037109
41, 4, 0.10606060922145844, 1.888478398323059
41, 3, 0.39898988604545593, 1.601090431213379
41, 16, 0.7424242496490479, 0.9490987658500671
41, 21, 0.3888888955116272, 1.604383945465088
41, 15, 0.9343434572219849, 0.5368884801864624
41, 6, 0.8333333134651184, 0.6933253407478333
41, 27, 0.06565656512975693, 2.4836833477020264
41, 26, 0.3737373650074005, 2.011875629425049
41, 2, 0.39898988604545593, 1.436056137084961
41, 1, 0.37055838108062744, 2.0418879985809326
41, 25, 0.7286432385444641, 1.1231985092163086
41, 13, 0.17766498029232025, 1.7663449048995972
41, 17, 0.43939393758773804, 1.5380175113677979
41, 14, 0.3299492299556732, 1.7846490144729614
41, 9, 0.7537688612937927, 0.8898151516914368
41, 10, 0.9346733689308167, 0.5828601121902466
41, 7, 0.9698492288589478, 0.35920634865760803
41, 8, 0.5656565427780151, 1.310992956161499
41, 24, 0.4747474789619446, 1.4879133701324463
41, 12, 0.3787878751754761, 1.9274555444717407
41, 18, 0.7676767706871033, 0.8618608117103577
41, 0, 0.5634517669677734, 1.3145300149917603
41, 23, 0.28787878155708313, 1.7205138206481934
41, 19, 0.6010100841522217, 1.2079919576644897
41, 22, 0.17676767706871033, 2.7257936000823975
41, 5, 0.4822334945201874, 1.2256019115447998
42, 29, 0.07070706784725189, 2.8954319953918457
42, 2, 0.5, 1.4899022579193115
42, 27, 0.10101009905338287, 2.1995420455932617
42, 1, 0.4467005133628845, 1.707466959953308
42, 4, 0.10606060922145844, 1.9445273876190186
42, 0, 0.2639593780040741, 1.6602039337158203
42, 6, 0.6010100841522217, 1.2499828338623047
42, 26, 0.36868685483932495, 1.9943528175354004
42, 18, 0.7373737096786499, 0.866034984588623
42, 21, 0.44949495792388916, 1.3461260795593262
42, 23, 0.39393940567970276, 1.458626627922058
42, 20, 0.8737373948097229, 0.7361610531806946
42, 8, 0.7424242496490479, 0.8676728010177612
42, 12, 0.4444444477558136, 1.7442684173583984
42, 25, 0.25628140568733215, 1.7319676876068115
42, 11, 0.5126903653144836, 1.1608386039733887
42, 15, 0.9292929172515869, 0.563365638256073
42, 14, 0.3857868015766144, 1.8526233434677124
42, 10, 0.9145728349685669, 0.7260887622833252
42, 19, 0.6414141654968262, 1.1992050409317017
42, 17, 0.2777777910232544, 1.7009615898132324
42, 13, 0.13197968900203705, 1.816079020500183
42, 24, 0.4747474789619446, 1.5152167081832886
42, 3, 0.4595959484577179, 1.5124913454055786
42, 16, 0.8131313323974609, 0.8114160895347595
42, 5, 0.5025380849838257, 1.3173249959945679
42, 28, 0.6616161465644836, 1.037592887878418
42, 9, 0.7437185645103455, 0.9868680238723755
42, 7, 0.9145728349685669, 0.438933402299881
42, 22, 0.20202019810676575, 2.3045260906219482
43, 5, 0.4771573543548584, 1.3567540645599365
43, 23, 0.3484848439693451, 1.6714165210723877
43, 10, 0.9346733689308167, 0.5444861054420471
43, 17, 0.39393940567970276, 1.6999316215515137
43, 26, 0.39393940567970276, 1.9342677593231201
43, 14, 0.39086294174194336, 1.676952838897705
43, 21, 0.5202020406723022, 1.4711699485778809
43, 16, 0.7777777910232544, 0.8417615294456482
43, 29, 0.010101010091602802, 2.844850540161133
43, 1, 0.3857868015766144, 2.0300698280334473
43, 3, 0.3888888955116272, 1.6698894500732422
43, 11, 0.46192893385887146, 1.2278940677642822
43, 24, 0.4747474789619446, 1.5026166439056396
43, 2, 0.5, 1.3522100448608398
43, 4, 0.09595959633588791, 1.9993906021118164
43, 19, 0.6111111044883728, 1.1480655670166016
43, 20, 0.8989899158477783, 0.6043570041656494
43, 18, 0.7575757503509521, 0.8405132293701172
43, 0, 0.4263959527015686, 1.3047693967819214
43, 7, 0.9547738432884216, 0.42556241154670715
43, 13, 0.18274112045764923, 1.7393848896026611
43, 9, 0.7587939500808716, 0.8640546202659607
43, 6, 0.8282828330993652, 0.7892211079597473
43, 25, 0.623115599155426, 1.2326768636703491
43, 15, 0.9343434572219849, 0.4968954026699066
43, 22, 0.18686868250370026, 2.694959878921509
43, 12, 0.3888888955116272, 1.7556862831115723
43, 8, 0.4898989796638489, 1.308531641960144
43, 28, 0.6969696879386902, 0.9931403398513794
43, 27, 0.0555555559694767, 2.52335786819458
44, 12, 0.3888888955116272, 1.8940154314041138
44, 22, 0.2070707082748413, 2.441331386566162
44, 26, 0.3787878751754761, 1.8441683053970337
44, 14, 0.3502538204193115, 1.7724031209945679
44, 17, 0.4141414165496826, 1.5689122676849365
44, 28, 0.6818181872367859, 0.9693064093589783
44, 19, 0.6515151262283325, 1.1291840076446533
44, 9, 0.7587939500808716, 0.8744860887527466
44, 5, 0.5126903653144836, 1.380011796951294
44, 29, 0.020202020183205605, 3.0929019451141357
44, 23, 0.3585858643054962, 1.5952194929122925
44, 10, 0.9346733689308167, 0.602693498134613
44, 3, 0.39898988604545593, 1.6681169271469116
44, 8, 0.7424242496490479, 0.8854340314865112
44, 21, 0.4292929172515869, 1.3504000902175903
44, 2, 0.42424243688583374, 1.5268086194992065
44, 25, 0.3668341636657715, 1.5950113534927368
44, 7, 0.9195979833602905, 0.37965819239616394
44, 20, 0.8989899158477783, 0.6405194401741028
44, 27, 0.06565656512975693, 2.396979331970215
44, 11, 0.4568527936935425, 1.2612354755401611
44, 13, 0.18274112045764923, 1.817525029182434
44, 1, 0.4517766535282135, 1.7344717979431152
44, 6, 0.7121211886405945, 1.0321624279022217
44, 15, 0.9191918969154358, 0.5020925998687744
44, 4, 0.10606060922145844, 1.9079185724258423
44, 0, 0.3350253701210022, 1.6534795761108398
44, 24, 0.469696968793869, 1.5833631753921509
44, 18, 0.7979797720909119, 0.6676176190376282
44, 16, 0.7979797720909119, 0.8248206973075867
45, 22, 0.2070707082748413, 2.4755547046661377
45, 29, 0.020202020183205605, 2.8485898971557617
45, 21, 0.49494948983192444, 1.4686431884765625
45, 23, 0.39393940567970276, 1.480857491493225
45, 16, 0.7979797720909119, 0.8019062876701355
45, 2, 0.44949495792388916, 1.3311982154846191
45, 11, 0.3350253701210022, 1.5827714204788208
45, 0, 0.5634517669677734, 1.2383495569229126
45, 26, 0.38383838534355164, 1.8727552890777588
45, 7, 0.9698492288589478, 0.2809150815010071
45, 5, 0.4771573543548584, 1.4088600873947144
45, 25, 0.6633166074752808, 1.167531967163086
45, 4, 0.09595959633588791, 2.0294713973999023
45, 9, 0.7638190984725952, 0.9386122822761536
45, 27, 0.11616161465644836, 2.2113401889801025
45, 15, 0.9343434572219849, 0.4829935133457184
45, 14, 0.3604061007499695, 1.6470245122909546
45, 24, 0.46464645862579346, 1.5466883182525635
45, 17, 0.4545454680919647, 1.5231274366378784
45, 10, 0.9195979833602905, 0.6453559994697571
45, 12, 0.4040403962135315, 1.761891484260559
45, 28, 0.6818181872367859, 1.0070832967758179
45, 19, 0.6565656661987305, 1.1221270561218262
45, 6, 0.7272727489471436, 0.9288437366485596
45, 18, 0.7878788113594055, 0.6858177781105042
45, 1, 0.4517766535282135, 1.7756917476654053
45, 3, 0.39393940567970276, 1.6986011266708374
45, 8, 0.4898989796638489, 1.353991150856018
45, 13, 0.1928934007883072, 1.771328330039978
45, 20, 0.8888888955116272, 0.662666916847229
46, 5, 0.5126903653144836, 1.3791286945343018
46, 12, 0.3333333432674408, 1.9021031856536865
46, 15, 0.9343434572219849, 0.4687635600566864
46, 16, 0.7979797720909119, 0.7970492243766785
46, 9, 0.7638190984725952, 0.9027847051620483
46, 1, 0.42131978273391724, 1.9654737710952759
46, 21, 0.560606062412262, 1.2148823738098145
46, 29, 0.02525252476334572, 2.6044492721557617
46, 8, 0.6515151262283325, 0.9454530477523804
46, 3, 0.3181818127632141, 1.828424334526062
46, 19, 0.6616161465644836, 1.119368314743042
46, 0, 0.32487308979034424, 1.6117522716522217
46, 7, 0.8894472122192383, 0.5218881964683533
46, 18, 0.747474730014801, 0.765837550163269
46, 14, 0.36548224091529846, 1.8176621198654175
46, 13, 0.1421319842338562, 2.099848508834839
46, 2, 0.4343434274196625, 1.4711073637008667
46, 11, 0.4720812141895294, 1.2510980367660522
46, 10, 0.9246231317520142, 0.6444804668426514
46, 25, 0.34170854091644287, 1.6031615734100342
46, 23, 0.38383838534355164, 1.498797059059143
46, 26, 0.3737373650074005, 1.9617631435394287
46, 20, 0.8989899158477783, 0.651156485080719
46, 17, 0.38383838534355164, 1.6298552751541138
46, 27, 0.1111111119389534, 2.3324880599975586
46, 6, 0.7020202279090881, 0.9612506628036499
46, 24, 0.469696968793869, 1.4916645288467407
46, 22, 0.19191919267177582, 2.65557861328125
46, 4, 0.11616161465644836, 1.9305458068847656
46, 28, 0.7070707082748413, 0.9808210134506226
47, 13, 0.25380709767341614, 1.6895477771759033
47, 21, 0.5, 1.4424877166748047
47, 0, 0.4771573543548584, 1.300707221031189
47, 23, 0.38383838534355164, 1.5917584896087646
47, 1, 0.4720812141895294, 1.7394208908081055
47, 24, 0.469696968793869, 1.5519155263900757
47, 16, 0.808080792427063, 0.7915716171264648
47, 18, 0.752525269985199, 0.7903474569320679
47, 28, 0.6666666865348816, 1.0460561513900757
47, 8, 0.5252525210380554, 1.3392407894134521
47, 10, 0.9246231317520142, 0.5627822279930115
47, 19, 0.6818181872367859, 1.0747160911560059
47, 17, 0.42424243688583374, 1.5407541990280151
47, 7, 0.9547738432884216, 0.3374464213848114
47, 5, 0.46700507402420044, 1.4101303815841675
47, 27, 0.10606060922145844, 2.360943078994751
47, 29, 0.03030303120613098, 3.0916748046875
47, 11, 0.4263959527015686, 1.3550853729248047
47, 6, 0.7020202279090881, 0.9573870301246643
47, 2, 0.560606062412262, 1.308504343032837
47, 25, 0.572864294052124, 1.2846026420593262
47, 4, 0.13131313025951385, 1.8928321599960327
47, 26, 0.3636363744735718, 2.0035295486450195
47, 15, 0.8939393758773804, 0.531315267086029
47, 20, 0.9040403962135315, 0.5954203605651855
47, 9, 0.7738693356513977, 0.8440383672714233
47, 22, 0.1666666716337204, 2.9892935752868652
47, 3, 0.4444444477558136, 1.5054891109466553
47, 14, 0.41624364256858826, 1.544774055480957
47, 12, 0.43939393758773804, 1.5462599992752075
48, 27, 0.12121212482452393, 2.329207420349121
48, 11, 0.44162437319755554, 1.3004695177078247
48, 25, 0.5175879597663879, 1.3099498748779297
48, 0, 0.22842639684677124, 1.6610310077667236
48, 18, 0.7929292917251587, 0.6751776933670044
48, 10, 0.929648220539093, 0.5794792771339417
48, 14, 0.3807106614112854, 1.8622488975524902
48, 4, 0.16161616146564484, 1.8191734552383423
48, 23, 0.3181818127632141, 1.6966509819030762
48, 19, 0.6767676472663879, 1.1094642877578735
48, 20, 0.8888888955116272, 0.6270449757575989
48, 9, 0.7839195728302002, 0.8359066843986511
48, 28, 0.6969696879386902, 0.970035195350647
48, 26, 0.36868685483932495, 1.852465033531189
48, 5, 0.4974619150161743, 1.3787705898284912
48, 8, 0.6818181872367859, 0.953119695186615
48, 3, 0.3181818127632141, 1.869001865386963
48, 15, 0.9292929172515869, 0.4601799249649048
48, 24, 0.47979798913002014, 1.6211034059524536
48, 13, 0.1675126850605011, 2.1682119369506836
48, 16, 0.7626262903213501, 0.8921824097633362
48, 29, 0.02525252476334572, 2.953084945678711
48, 22, 0.23232322931289673, 2.6108858585357666
48, 7, 0.9246231317520142, 0.3841167092323303
48, 1, 0.4060913622379303, 2.193690538406372
48, 2, 0.5151515007019043, 1.4507747888565063
48, 17, 0.4141414165496826, 1.5375477075576782
48, 6, 0.747474730014801, 0.8888673186302185
48, 12, 0.3080808222293854, 2.0070276260375977
48, 21, 0.47979798913002014, 1.3422110080718994
49, 24, 0.4545454680919647, 1.6843392848968506
49, 19, 0.6818181872367859, 1.0818008184432983
49, 2, 0.3333333432674408, 1.3498913049697876
49, 15, 0.8939393758773804, 0.5383058190345764
49, 9, 0.7788944840431213, 0.826678991317749
49, 25, 0.552763819694519, 1.2805529832839966
49, 12, 0.4141414165496826, 1.6496707201004028
49, 22, 0.2070707082748413, 3.0235331058502197
49, 29, 0.020202020183205605, 3.038649797439575
49, 0, 0.6192893385887146, 1.174210786819458
49, 21, 0.5404040217399597, 1.394013524055481
49, 23, 0.38383838534355164, 1.5656044483184814
49, 8, 0.4444444477558136, 1.413209080696106
49, 28, 0.6666666865348816, 1.028118371963501
49, 18, 0.752525269985199, 0.7936431169509888
49, 17, 0.35353535413742065, 1.6252803802490234
49, 6, 0.7171717286109924, 0.9831538200378418
49, 7, 0.9597989916801453, 0.27552539110183716
49, 3, 0.4545454680919647, 1.572610855102539
49, 26, 0.36868685483932495, 2.0472018718719482
49, 27, 0.11616161465644836, 2.407589912414551
49, 20, 0.9191918969154358, 0.6084415912628174
49, 11, 0.4771573543548584, 1.2366880178451538
49, 5, 0.4720812141895294, 1.4004822969436646
49, 16, 0.7979797720909119, 0.7994450926780701
49, 10, 0.9145728349685669, 0.5905108451843262
49, 13, 0.2690355181694031, 1.890550136566162
49, 14, 0.31979694962501526, 1.5366675853729248
49, 1, 0.43654823303222656, 1.8698347806930542
49, 4, 0.1818181872367859, 1.7482341527938843
50, 2, 0.36868685483932495, 1.577955961227417
50, 1, 0.3756345212459564, 2.221014976501465
50, 22, 0.24747474491596222, 2.7376835346221924
50, 5, 0.4974619150161743, 1.4150911569595337
50, 27, 0.11616161465644836, 2.3792450428009033
50, 29, 0.04040404036641121, 2.844637870788574
50, 10, 0.9246231317520142, 0.5656554102897644
50, 8, 0.6464646458625793, 0.9706935882568359
50, 14, 0.3807106614112854, 1.782920241355896
50, 25, 0.5276381969451904, 1.3040872812271118
50, 11, 0.4111675024032593, 1.4168171882629395
50, 16, 0.7929292917251587, 0.8245875835418701
50, 18, 0.7323232293128967, 0.8683004379272461
50, 19, 0.6868686676025391, 1.1055670976638794
50, 7, 0.909547746181488, 0.47959262132644653
50, 15, 0.8838383555412292, 0.5300804972648621
50, 26, 0.3787878751754761, 1.8612629175186157
50, 9, 0.7638190984725952, 0.8472133874893188
50, 4, 0.13131313025951385, 1.9107117652893066
50, 20, 0.9191918969154358, 0.5938411951065063
50, 21, 0.5151515007019043, 1.2733182907104492
50, 3, 0.35353535413742065, 1.7549700736999512
50, 24, 0.4444444477558136, 1.628656268119812
50, 23, 0.33838382363319397, 1.6051510572433472
50, 12, 0.32828283309936523, 1.8220939636230469
50, 0, 0.39086294174194336, 1.546769380569458
50, 17, 0.39898988604545593, 1.6198642253875732
50, 13, 0.18274112045764923, 2.076951503753662
50, 6, 0.747474730014801, 0.8484368920326233
50, 28, 0.6717171669006348, 1.003935694694519
