1, 10, 0.9346733689308167, 2.237774610519409
1, 13, 0.015228426083922386, 2.2776455879211426
1, 27, 0.010101010091602802, 2.2945480346679688
1, 22, 0.18686868250370026, 2.310272455215454
1, 8, 0.0, 2.2893779277801514
1, 16, 0.5101010203361511, 2.260852336883545
1, 12, 0.49494948983192444, 2.2749247550964355
1, 4, 0.06060606241226196, 2.2741386890411377
1, 11, 0.0, 2.320127010345459
1, 5, 0.005076142027974129, 2.309965133666992
1, 26, 0.0, 2.3079872131347656
1, 20, 0.8787878751754761, 2.2410991191864014
1, 7, 0.0, 2.290170192718506
1, 14, 0.36548224091529846, 2.286334753036499
1, 24, 0.010101010091602802, 2.2967472076416016
1, 15, 0.010101010091602802, 2.32026743888855
1, 28, 0.0, 2.3174681663513184
1, 18, 0.010101010091602802, 2.279331684112549
1, 0, 0.0, 2.3495306968688965
1, 6, 0.7878788113594055, 2.253520965576172
1, 1, 0.0, 2.3111138343811035
1, 19, 0.560606062412262, 2.2704596519470215
1, 9, 0.7386934757232666, 2.2499327659606934
1, 3, 0.747474730014801, 2.2494335174560547
1, 2, 0.8989899158477783, 2.2424395084381104
1, 29, 0.4343434274196625, 2.2625842094421387
1, 17, 0.06565656512975693, 2.294499397277832
1, 21, 0.0, 2.33457612991333
1, 25, 0.0, 2.327073097229004
1, 23, 0.02525252476334572, 2.31221604347229
2, 0, 0.0, 2.3061282634735107
2, 19, 0.5555555820465088, 2.2243106365203857
2, 20, 0.8939393758773804, 2.1025192737579346
2, 24, 0.04040404036641121, 2.2430331707000732
2, 3, 0.7828282713890076, 2.112609624862671
2, 1, 0.005076142027974129, 2.2633912563323975
2, 7, 0.17587940394878387, 2.1461355686187744
2, 9, 0.7386934757232666, 2.1376092433929443
2, 23, 0.13131313025951385, 2.2182908058166504
2, 28, 0.005050505045801401, 2.2738139629364014
2, 29, 0.4292929172515869, 2.2327535152435303
2, 15, 0.010101010091602802, 2.230417490005493
2, 5, 0.060913704335689545, 2.2007479667663574
2, 12, 0.5050504803657532, 2.1760923862457275
2, 11, 0.0, 2.3567867279052734
2, 8, 0.1262626200914383, 2.154864549636841
2, 25, 0.015075377188622952, 2.196866989135742
2, 17, 0.06565656512975693, 2.186709403991699
2, 2, 0.8939393758773804, 2.1121633052825928
2, 27, 0.010101010091602802, 2.324162006378174
2, 14, 0.39593908190727234, 2.238468647003174
2, 4, 0.06060606241226196, 2.1893882751464844
2, 22, 0.19191919267177582, 2.507456064224243
2, 16, 0.5959596037864685, 2.1193482875823975
2, 26, 0.0, 2.2923424243927
2, 6, 0.7929292917251587, 2.136477470397949
2, 13, 0.0, 2.4155638217926025
2, 21, 0.0, 2.247040271759033
2, 10, 0.9497487545013428, 2.1049013137817383
2, 18, 0.0, 2.201162099838257
3, 18, 0.0, 2.172929525375366
3, 8, 0.8131313323974609, 1.7291638851165771
3, 21, 0.0, 2.085719108581543
3, 29, 0.2929292917251587, 2.3090834617614746
3, 6, 0.5454545617103577, 2.041428327560425
3, 20, 0.6111111044883728, 2.0068893432617188
3, 2, 0.5808081030845642, 2.06046986579895
3, 15, 0.0, 2.3739798069000244
3, 26, 0.0, 2.3665733337402344
3, 4, 0.035353533923625946, 2.10371994972229
3, 19, 0.3737373650074005, 2.097062587738037
3, 10, 0.6582914590835571, 2.0423386096954346
3, 3, 0.7222222089767456, 1.9763716459274292
3, 16, 0.7626262903213501, 1.8718825578689575
3, 9, 0.4422110617160797, 2.0562305450439453
3, 0, 0.0, 2.2412357330322266
3, 28, 0.02525252476334572, 2.3498952388763428
3, 11, 0.0, 2.125558853149414
3, 14, 0.4060913622379303, 2.0195868015289307
3, 1, 0.0, 2.3108348846435547
3, 13, 0.0, 2.456237554550171
3, 22, 0.15656565129756927, 2.588618755340576
3, 24, 0.1262626200914383, 2.175706386566162
3, 12, 0.34343433380126953, 2.0643327236175537
3, 23, 0.43939393758773804, 1.999405026435852
3, 17, 0.07575757801532745, 2.2150027751922607
3, 27, 0.05050504952669144, 2.393693208694458
3, 25, 0.02010050229728222, 2.3546459674835205
3, 5, 0.3350253701210022, 1.9090654850006104
3, 7, 0.8643215894699097, 1.693922519683838
4, 20, 0.28787878155708313, 1.940167784690857
4, 9, 0.34170854091644287, 1.9311376810073853
4, 15, 0.005050505045801401, 2.2626755237579346
4, 24, 0.4595959484577179, 2.0149085521698
4, 23, 0.3232323229312897, 2.093226194381714
4, 28, 0.005050505045801401, 2.2730658054351807
4, 1, 0.05076142027974129, 2.3645174503326416
4, 29, 0.08080808073282242, 2.187905788421631
4, 26, 0.17676767706871033, 2.2448675632476807
4, 16, 0.4343434274196625, 1.8924201726913452
4, 11, 0.15736040472984314, 2.2191760540008545
4, 4, 0.8232323527336121, 1.6636996269226074
4, 21, 0.0, 2.3057351112365723
4, 18, 0.7424242496490479, 1.7569962739944458
4, 14, 0.15736040472984314, 2.1224279403686523
4, 13, 0.04060913622379303, 2.2496418952941895
4, 0, 0.0, 2.314091444015503
4, 8, 0.6212121248245239, 1.8319458961486816
4, 7, 0.6381909251213074, 1.8252112865447998
4, 10, 0.22110553085803986, 1.943438172340393
4, 6, 0.13636364042758942, 2.0257465839385986
4, 27, 0.04545454680919647, 2.299516201019287
4, 22, 0.05050504952669144, 2.667367696762085
4, 2, 0.18686868250370026, 1.9776893854141235
4, 5, 0.39593908190727234, 2.0027613639831543
4, 25, 0.02010050229728222, 2.258042573928833
4, 19, 0.08585858345031738, 2.1315231323242188
4, 17, 0.44949495792388916, 1.9541453123092651
4, 3, 0.3030303120613098, 1.942035436630249
4, 12, 0.10101009905338287, 2.0882387161254883
5, 11, 0.10659898817539215, 2.183218479156494
5, 12, 0.28282827138900757, 1.930827021598816
5, 29, 0.21717171370983124, 2.106966972351074
5, 17, 0.2929292917251587, 2.133310556411743
5, 27, 0.05050504952669144, 2.166959047317505
5, 24, 0.34343433380126953, 2.041203022003174
5, 18, 0.4848484992980957, 1.9683825969696045
5, 21, 0.0, 1.9218783378601074
5, 7, 0.8793969750404358, 1.5884240865707397
5, 10, 0.5376884341239929, 1.9562478065490723
5, 28, 0.02525252476334572, 2.3296711444854736
5, 22, 0.11616161465644836, 2.8704285621643066
5, 2, 0.4141414165496826, 1.9883947372436523
5, 26, 0.09595959633588791, 2.2995948791503906
5, 5, 0.43654823303222656, 1.7639588117599487
5, 23, 0.4292929172515869, 1.9631023406982422
5, 9, 0.37185928225517273, 1.975151777267456
5, 15, 0.0, 2.3789002895355225
5, 6, 0.4292929172515869, 1.9746884107589722
5, 1, 0.04060913622379303, 2.1086225509643555
5, 8, 0.8434343338012695, 1.6118265390396118
5, 14, 0.3350253701210022, 2.0172274112701416
5, 25, 0.02010050229728222, 2.4107346534729004
5, 0, 0.0, 2.306453227996826
5, 19, 0.33838382363319397, 2.082191228866577
5, 13, 0.030456852167844772, 2.2032153606414795
5, 3, 0.6363636255264282, 1.9028005599975586
5, 4, 0.5909090638160706, 1.8713058233261108
5, 20, 0.49494948983192444, 1.9212398529052734
5, 16, 0.6969696879386902, 1.778435468673706
6, 0, 0.6446700692176819, 1.4841710329055786
6, 13, 0.7918781638145447, 1.4103540182113647
6, 4, 0.8484848737716675, 1.5249484777450562
6, 20, 0.11616161465644836, 1.6067240238189697
6, 21, 0.035353533923625946, 2.2569007873535156
6, 8, 0.8585858345031738, 1.0682567358016968
6, 26, 0.3636363744735718, 2.005051851272583
6, 6, 0.0, 2.4447154998779297
6, 24, 0.26767677068710327, 2.140103578567505
6, 16, 0.4747474789619446, 1.1848011016845703
6, 29, 0.0, 2.2327210903167725
6, 23, 0.4747474789619446, 1.812029480934143
6, 10, 0.02010050229728222, 1.700994849205017
6, 1, 0.055837564170360565, 2.2018485069274902
6, 5, 0.4720812141895294, 1.4499515295028687
6, 17, 0.4444444477558136, 1.7855725288391113
6, 15, 0.0, 2.5927765369415283
6, 11, 0.1675126850605011, 2.043466091156006
6, 7, 0.8793969750404358, 0.8777431845664978
6, 2, 0.06060606241226196, 1.732893705368042
6, 3, 0.20202019810676575, 1.5280767679214478
6, 27, 0.42424243688583374, 1.6153992414474487
6, 28, 0.3333333432674408, 1.9979828596115112
6, 19, 0.010101010091602802, 2.414501190185547
6, 18, 0.8131313323974609, 1.1008931398391724
6, 12, 0.3181818127632141, 1.7445980310440063
6, 14, 0.025380710139870644, 2.468482732772827
6, 25, 0.572864294052124, 1.9287627935409546
6, 22, 0.01515151560306549, 2.776122808456421
6, 9, 0.402010053396225, 1.8380059003829956
7, 17, 0.2070707082748413, 1.80701744556427
7, 2, 0.0555555559694767, 1.8949611186981201
7, 18, 0.2373737394809723, 1.759137511253357
7, 29, 0.09595959633588791, 2.0374948978424072
7, 22, 0.17676767706871033, 2.364711046218872
7, 10, 0.8643215894699097, 1.5270531177520752
7, 6, 0.16161616146564484, 2.007284164428711
7, 7, 0.7185929417610168, 1.295701265335083
7, 8, 0.9040403962135315, 0.8482140302658081
7, 23, 0.47979798913002014, 1.540802001953125
7, 12, 0.09595959633588791, 1.9009126424789429
7, 11, 0.13197968900203705, 1.8894517421722412
7, 21, 0.10606060922145844, 1.7953510284423828
7, 25, 0.04020100459456444, 2.1217174530029297
7, 15, 0.0, 2.3730483055114746
7, 5, 0.4314720928668976, 1.1655460596084595
7, 19, 0.035353533923625946, 2.0174906253814697
7, 20, 0.10101009905338287, 1.827873945236206
7, 27, 0.4595959484577179, 1.7562119960784912
7, 24, 0.29797980189323425, 2.034381628036499
7, 9, 0.19597989320755005, 2.0081582069396973
7, 1, 0.5380710363388062, 1.6494938135147095
7, 28, 0.12121212482452393, 2.1215648651123047
7, 16, 0.49494948983192444, 1.3219459056854248
7, 14, 0.4263959527015686, 1.9596211910247803
7, 26, 0.13636364042758942, 2.1214382648468018
7, 3, 0.16161616146564484, 1.7754865884780884
7, 4, 0.27272728085517883, 1.8605877161026
7, 13, 0.43654823303222656, 1.8333185911178589
7, 0, 0.8629441857337952, 1.4637961387634277
8, 25, 0.5628140568733215, 1.690346121788025
8, 18, 0.7979797720909119, 1.1600185632705688
8, 22, 0.05050504952669144, 2.4070653915405273
8, 19, 0.04545454680919647, 2.080899238586426
8, 12, 0.469696968793869, 1.4388606548309326
8, 6, 0.06060606241226196, 2.2386903762817383
8, 17, 0.4747474789619446, 1.6363857984542847
8, 13, 0.7360405921936035, 1.4985123872756958
8, 5, 0.4720812141895294, 1.1272468566894531
8, 24, 0.1262626200914383, 2.1107001304626465
8, 23, 0.4343434274196625, 1.9093081951141357
8, 26, 0.4141414165496826, 1.8852190971374512
8, 10, 0.07537688314914703, 1.3679823875427246
8, 16, 0.5101010203361511, 1.1748569011688232
8, 3, 0.7626262903213501, 1.3870843648910522
8, 28, 0.4343434274196625, 1.7785590887069702
8, 1, 0.13705584406852722, 2.022688865661621
8, 21, 0.05050504952669144, 2.3357555866241455
8, 8, 0.7626262903213501, 1.179091215133667
8, 7, 0.8693467378616333, 0.8636321425437927
8, 15, 0.0, 2.524785280227661
8, 29, 0.06060606241226196, 2.1007182598114014
8, 2, 0.6262626051902771, 1.579703450202942
8, 20, 0.7070707082748413, 1.439413070678711
8, 0, 0.0, 1.834214448928833
8, 4, 0.7727272510528564, 1.4842778444290161
8, 11, 0.4974619150161743, 1.657234787940979
8, 14, 0.060913704335689545, 2.329547882080078
8, 9, 0.6482412219047546, 1.4896823167800903
8, 27, 0.4292929172515869, 1.5768859386444092
9, 11, 0.6192893385887146, 1.555444598197937
9, 13, 0.3553299605846405, 1.9067726135253906
9, 0, 0.5431472063064575, 1.5888484716415405
9, 9, 0.2613065242767334, 1.8565683364868164
9, 22, 0.14646464586257935, 2.124095916748047
9, 6, 0.25757575035095215, 1.8718557357788086
9, 20, 0.4595959484577179, 1.4763644933700562
9, 2, 0.32828283309936523, 1.5826048851013184
9, 1, 0.39593908190727234, 1.8119544982910156
9, 3, 0.4898989796638489, 1.4775558710098267
9, 15, 0.0, 2.3014285564422607
9, 29, 0.17676767706871033, 1.9369745254516602
9, 18, 0.5909090638160706, 1.462329626083374
9, 7, 0.8291457295417786, 1.1868847608566284
9, 27, 0.4595959484577179, 1.7807432413101196
9, 10, 0.643216073513031, 1.3916165828704834
9, 28, 0.23232322931289673, 1.8122512102127075
9, 17, 0.469696968793869, 1.553639531135559
9, 25, 0.2261306494474411, 1.7056355476379395
9, 24, 0.24242424964904785, 2.0262537002563477
9, 26, 0.25757575035095215, 1.9524779319763184
9, 12, 0.19191919267177582, 1.8737131357192993
9, 21, 0.1111111119389534, 1.6449133157730103
9, 5, 0.46700507402420044, 1.1143577098846436
9, 23, 0.4898989796638489, 1.5421814918518066
9, 14, 0.3502538204193115, 2.027462959289551
9, 19, 0.04545454680919647, 2.006082773208618
9, 16, 0.5303030014038086, 1.1509209871292114
9, 4, 0.4898989796638489, 1.7453701496124268
9, 8, 0.8939393758773804, 0.7824249267578125
10, 28, 0.6010100841522217, 1.5647488832473755
10, 5, 0.4568527936935425, 1.0982173681259155
10, 26, 0.44949495792388916, 1.8626559972763062
10, 1, 0.13197968900203705, 2.1075987815856934
10, 25, 0.7537688612937927, 1.4129046201705933
10, 10, 0.6130653023719788, 1.3334022760391235
10, 19, 0.1666666716337204, 1.9383646249771118
10, 18, 0.6464646458625793, 1.3494434356689453
10, 22, 0.14141413569450378, 2.148082971572876
10, 13, 0.7614213228225708, 1.394761323928833
10, 6, 0.14141413569450378, 1.844771385192871
10, 8, 0.8131313323974609, 0.9255991578102112
10, 15, 0.0, 2.3881773948669434
10, 11, 0.32487308979034424, 1.5957382917404175
10, 29, 0.14646464586257935, 1.8603054285049438
10, 4, 0.5909090638160706, 1.5220906734466553
10, 14, 0.3045685291290283, 2.1412291526794434
10, 2, 0.33838382363319397, 1.5677926540374756
10, 23, 0.47979798913002014, 1.6676884889602661
10, 3, 0.4848484992980957, 1.396164894104004
10, 0, 0.44162437319755554, 1.582018256187439
10, 24, 0.2222222238779068, 1.9690642356872559
10, 21, 0.04545454680919647, 2.6568243503570557
10, 17, 0.5707070827484131, 1.3905104398727417
10, 7, 0.8844221234321594, 0.9274391531944275
10, 16, 0.5252525210380554, 1.1691436767578125
10, 27, 0.4141414165496826, 1.52894127368927
10, 20, 0.4444444477558136, 1.4178838729858398
10, 12, 0.4292929172515869, 1.454852819442749
10, 9, 0.5879396796226501, 1.5885647535324097
11, 0, 0.6700507402420044, 1.4141533374786377
11, 9, 0.4974874258041382, 1.623273253440857
11, 22, 0.15656565129756927, 2.055534839630127
11, 6, 0.2070707082748413, 1.8480719327926636
11, 8, 0.868686854839325, 0.7650649547576904
11, 1, 0.2131979763507843, 1.8748126029968262
11, 28, 0.5707070827484131, 1.534610629081726
11, 21, 0.19191919267177582, 1.7470556497573853
11, 16, 0.6060606241226196, 0.9717857241630554
11, 4, 0.5353535413742065, 1.5833286046981812
11, 26, 0.4595959484577179, 1.8505566120147705
11, 20, 0.43939393758773804, 1.3420149087905884
11, 12, 0.36868685483932495, 1.7246142625808716
11, 29, 0.17676767706871033, 1.8773130178451538
11, 2, 0.36868685483932495, 1.4524245262145996
11, 23, 0.49494948983192444, 1.5232895612716675
11, 27, 0.44949495792388916, 1.598109245300293
11, 3, 0.3787878751754761, 1.3633735179901123
11, 13, 0.37055838108062744, 1.7299929857254028
11, 5, 0.48730963468551636, 1.1951185464859009
11, 25, 0.6934673190116882, 1.3752375841140747
11, 7, 0.7989949584007263, 1.1317099332809448
11, 18, 0.5505050420761108, 1.4033006429672241
11, 24, 0.2525252401828766, 1.9878566265106201
11, 14, 0.3553299605846405, 2.1438353061676025
11, 11, 0.41624364256858826, 1.5034763813018799
11, 15, 0.005050505045801401, 2.205386161804199
11, 19, 0.1515151560306549, 1.9024533033370972
11, 17, 0.469696968793869, 1.4339138269424438
11, 10, 0.7788944840431213, 1.1381189823150635
12, 19, 0.28282827138900757, 1.8731789588928223
12, 9, 0.6331658363342285, 1.4057672023773193
12, 26, 0.4191919267177582, 1.8712745904922485
12, 13, 0.7918781638145447, 1.3126330375671387
12, 18, 0.3888888955116272, 1.5082721710205078
12, 7, 0.8693467378616333, 0.803486704826355
12, 20, 0.5101010203361511, 1.2807062864303589
12, 27, 0.39898988604545593, 1.479899287223816
12, 4, 0.6414141654968262, 1.4541422128677368
12, 29, 0.2070707082748413, 1.767529845237732
12, 12, 0.4848484992980957, 1.3605831861495972
12, 10, 0.8793969750404358, 1.1302714347839355
12, 0, 0.4314720928668976, 1.4186216592788696
12, 24, 0.21717171370983124, 1.9825479984283447
12, 14, 0.4111675024032593, 2.192396402359009
12, 11, 0.4517766535282135, 1.5181984901428223
12, 1, 0.22842639684677124, 1.9094914197921753
12, 16, 0.6414141654968262, 0.972745954990387
12, 2, 0.3585858643054962, 1.4514281749725342
12, 25, 0.5477386713027954, 1.5685462951660156
12, 15, 0.005050505045801401, 2.4858615398406982
12, 3, 0.5151515007019043, 1.273490309715271
12, 21, 0.020202020183205605, 2.4693570137023926
12, 17, 0.5, 1.2816095352172852
12, 22, 0.19191919267177582, 2.0975253582000732
12, 5, 0.4263959527015686, 1.1908774375915527
12, 6, 0.21212121844291687, 1.7016657590866089
12, 23, 0.4545454680919647, 1.6947038173675537
12, 28, 0.4898989796638489, 1.6481153964996338
12, 8, 0.7777777910232544, 1.036338448524475
13, 5, 0.4974619150161743, 1.1557906866073608
13, 18, 0.19191919267177582, 1.6102800369262695
13, 26, 0.4595959484577179, 1.8432307243347168
13, 6, 0.1666666716337204, 1.8568415641784668
13, 13, 0.5177664756774902, 1.5987704992294312
13, 9, 0.5125628113746643, 1.5618183612823486
13, 0, 0.46192893385887146, 1.4430510997772217
13, 22, 0.19696970283985138, 1.950882077217102
13, 3, 0.5454545617103577, 1.2883580923080444
13, 8, 0.868686854839325, 0.6952548623085022
13, 11, 0.42131978273391724, 1.3892301321029663
13, 12, 0.38383838534355164, 1.5903453826904297
13, 7, 0.8542713522911072, 0.8385933041572571
13, 10, 0.9045225977897644, 1.0501084327697754
13, 17, 0.39898988604545593, 1.3641003370285034
13, 21, 0.27272728085517883, 1.6331671476364136
13, 2, 0.3737373650074005, 1.462623953819275
13, 24, 0.2222222238779068, 1.9445273876190186
13, 14, 0.4467005133628845, 1.9523088932037354
13, 29, 0.1262626200914383, 1.9395140409469604
13, 20, 0.5303030014038086, 1.3038603067398071
13, 27, 0.46464645862579346, 1.4704608917236328
13, 23, 0.49494948983192444, 1.505811333656311
13, 25, 0.7236180901527405, 1.2162514925003052
13, 28, 0.6060606241226196, 1.430397391319275
13, 1, 0.24873095750808716, 1.830926537513733
13, 4, 0.6060606241226196, 1.4818674325942993
13, 15, 0.005050505045801401, 2.2186503410339355
13, 19, 0.18686868250370026, 1.8365731239318848
13, 16, 0.469696968793869, 1.2638177871704102
14, 9, 0.6884422302246094, 1.2191959619522095
14, 13, 0.7360405921936035, 1.4301979541778564
14, 5, 0.4771573543548584, 1.2154394388198853
14, 4, 0.469696968793869, 1.5269947052001953
14, 2, 0.43939393758773804, 1.3806614875793457
14, 20, 0.5757575631141663, 1.2389034032821655
14, 28, 0.43939393758773804, 1.5469104051589966
14, 26, 0.3333333432674408, 1.9443721771240234
14, 27, 0.43939393758773804, 1.470725178718567
14, 1, 0.29441624879837036, 1.822309970855713
14, 25, 0.4422110617160797, 1.5183024406433105
14, 21, 0.03030303120613098, 2.6227638721466064
14, 22, 0.19191919267177582, 1.967416763305664
14, 16, 0.6818181872367859, 0.8800485134124756
14, 18, 0.3080808222293854, 1.4732344150543213
14, 12, 0.5050504803657532, 1.2757205963134766
14, 19, 0.3484848439693451, 1.705857276916504
14, 17, 0.4343434274196625, 1.284695029258728
14, 23, 0.40909090638160706, 1.7202436923980713
14, 0, 0.4822334945201874, 1.381279468536377
14, 15, 0.005050505045801401, 2.3630146980285645
14, 14, 0.3857868015766144, 2.150041341781616
14, 8, 0.7020202279090881, 1.1233439445495605
14, 7, 0.8341708779335022, 0.8414213061332703
14, 3, 0.5404040217399597, 1.236218810081482
14, 10, 0.929648220539093, 0.9345324635505676
14, 6, 0.3636363744735718, 1.513192892074585
14, 11, 0.4568527936935425, 1.4226714372634888
14, 29, 0.28282827138900757, 1.673173189163208
14, 24, 0.21717171370983124, 1.892828106880188
15, 27, 0.4747474789619446, 1.4123355150222778
15, 11, 0.4060913622379303, 1.4616823196411133
15, 2, 0.29797980189323425, 1.4452046155929565
15, 25, 0.6532663106918335, 1.231484293937683
15, 10, 0.8693467378616333, 1.082723617553711
15, 19, 0.24242424964904785, 1.742201566696167
15, 7, 0.8492462038993835, 0.7974401116371155
15, 14, 0.4060913622379303, 1.8809964656829834
15, 8, 0.8282828330993652, 0.7413445711135864
15, 13, 0.5837563276290894, 1.519444465637207
15, 20, 0.36868685483932495, 1.3070157766342163
15, 12, 0.39393940567970276, 1.5361779928207397
15, 9, 0.5678392052650452, 1.454138994216919
15, 0, 0.6802030205726624, 1.3023490905761719
15, 3, 0.35353535413742065, 1.3069257736206055
15, 16, 0.5, 1.142189383506775
15, 15, 0.01515151560306549, 2.476400375366211
15, 17, 0.4898989796638489, 1.324784517288208
15, 24, 0.28787878155708313, 1.8251997232437134
15, 26, 0.42424243688583374, 1.8363796472549438
15, 21, 0.1818181872367859, 1.830115556716919
15, 18, 0.3232323229312897, 1.5654243230819702
15, 5, 0.5279187560081482, 1.047338843345642
15, 23, 0.49494948983192444, 1.5126234292984009
15, 28, 0.5858585834503174, 1.3902956247329712
15, 6, 0.26767677068710327, 1.6722044944763184
15, 29, 0.2373737394809723, 1.7771066427230835
15, 4, 0.5454545617103577, 1.4460155963897705
15, 1, 0.2842639684677124, 1.7918975353240967
15, 22, 0.2222222238779068, 1.8112907409667969
16, 18, 0.27272728085517883, 1.6436729431152344
16, 27, 0.469696968793869, 1.3951612710952759
16, 3, 0.5505050420761108, 1.1902145147323608
16, 15, 0.005050505045801401, 2.376854419708252
16, 25, 0.47236180305480957, 1.4119575023651123
16, 8, 0.752525269985199, 1.0072853565216064
16, 10, 0.7989949584007263, 1.0448778867721558
16, 1, 0.2893401086330414, 1.8200459480285645
16, 4, 0.4545454680919647, 1.4900376796722412
16, 17, 0.42424243688583374, 1.4006404876708984
16, 7, 0.8693467378616333, 0.7096292972564697
16, 22, 0.20202019810676575, 1.984433889389038
16, 26, 0.3333333432674408, 1.9483340978622437
16, 21, 0.1111111119389534, 2.091567039489746
16, 20, 0.5707070827484131, 1.1998850107192993
16, 11, 0.4720812141895294, 1.3677046298980713
16, 28, 0.42424243688583374, 1.4978878498077393
16, 0, 0.4568527936935425, 1.3687822818756104
16, 14, 0.4263959527015686, 1.6926450729370117
16, 29, 0.3232323229312897, 1.688237190246582
16, 12, 0.44949495792388916, 1.3333914279937744
16, 9, 0.623115599155426, 1.2695499658584595
16, 19, 0.35353535413742065, 1.6026591062545776
16, 24, 0.2070707082748413, 1.8922518491744995
16, 13, 0.6548223495483398, 1.4380385875701904
16, 6, 0.40909090638160706, 1.4547215700149536
16, 2, 0.43939393758773804, 1.3590528964996338
16, 5, 0.4568527936935425, 1.3873313665390015
16, 23, 0.44949495792388916, 1.6888471841812134
16, 16, 0.6414141654968262, 0.9200623035430908
17, 22, 0.21212121844291687, 1.8601945638656616
17, 27, 0.4595959484577179, 1.3925127983093262
17, 29, 0.28787878155708313, 1.755397915840149
17, 25, 0.572864294052124, 1.2628661394119263
17, 19, 0.3484848439693451, 1.5965756177902222
17, 28, 0.5252525210380554, 1.3746662139892578
17, 6, 0.3181818127632141, 1.619722604751587
17, 10, 0.8743718862533569, 0.9978600740432739
17, 2, 0.5, 1.3265196084976196
17, 13, 0.5888324975967407, 1.5057201385498047
17, 17, 0.4848484992980957, 1.3132338523864746
17, 21, 0.14646464586257935, 1.9510375261306763
17, 23, 0.4343434274196625, 1.6140780448913574
17, 4, 0.5252525210380554, 1.449895977973938
17, 18, 0.38383838534355164, 1.5244100093841553
17, 1, 0.2893401086330414, 1.7733795642852783
17, 9, 0.6331658363342285, 1.2455791234970093
17, 16, 0.5808081030845642, 1.045655608177185
17, 7, 0.8442211151123047, 0.7116589546203613
17, 24, 0.23232322931289673, 1.815237045288086
17, 8, 0.7424242496490479, 0.9175588488578796
17, 14, 0.4263959527015686, 1.7005136013031006
17, 0, 0.49238577485084534, 1.3748894929885864
17, 3, 0.6010100841522217, 1.1726689338684082
17, 20, 0.5959596037864685, 1.1822535991668701
17, 11, 0.48730963468551636, 1.3361365795135498
17, 5, 0.5634517669677734, 1.2219188213348389
17, 12, 0.4292929172515869, 1.3242886066436768
17, 15, 0.01515151560306549, 2.3482213020324707
17, 26, 0.3888888955116272, 1.8723734617233276
18, 13, 0.6446700692176819, 1.4339454174041748
18, 26, 0.4141414165496826, 1.8591254949569702
18, 1, 0.2893401086330414, 1.7979590892791748
18, 22, 0.22727273404598236, 1.8744324445724487
18, 8, 0.7070707082748413, 0.97300124168396
18, 20, 0.47979798913002014, 1.1424098014831543
18, 18, 0.4343434274196625, 1.4913647174835205
18, 7, 0.8190954923629761, 0.7471535801887512
18, 12, 0.49494948983192444, 1.238563895225525
18, 29, 0.2070707082748413, 1.777788519859314
18, 3, 0.5101010203361511, 1.1432186365127563
18, 15, 0.010101010091602802, 2.4425344467163086
18, 24, 0.2222222238779068, 1.8830097913742065
18, 11, 0.4263959527015686, 1.413365125656128
18, 27, 0.4444444477558136, 1.3939368724822998
18, 6, 0.27272728085517883, 1.6057687997817993
18, 2, 0.3888888955116272, 1.2575846910476685
18, 19, 0.3232323229312897, 1.6205482482910156
18, 5, 0.5380710363388062, 1.3609201908111572
18, 28, 0.5454545617103577, 1.373017430305481
18, 10, 0.8442211151123047, 0.9669076204299927
18, 9, 0.5979899764060974, 1.2496322393417358
18, 14, 0.4111675024032593, 1.8281782865524292
18, 25, 0.6532663106918335, 1.2215574979782104
18, 0, 0.6192893385887146, 1.1766384840011597
18, 4, 0.6363636255264282, 1.2476041316986084
18, 17, 0.5909090638160706, 1.1806681156158447
18, 23, 0.4191919267177582, 1.8113328218460083
18, 21, 0.25757575035095215, 1.7118760347366333
18, 16, 0.6565656661987305, 0.9191223978996277
19, 10, 0.8592965006828308, 0.8641135096549988
19, 17, 0.47979798913002014, 1.3099855184555054
19, 27, 0.47979798913002014, 1.3915388584136963
19, 20, 0.49494948983192444, 1.2231359481811523
19, 3, 0.49494948983192444, 1.173301100730896
19, 14, 0.4517766535282135, 1.5684702396392822
19, 16, 0.7373737096786499, 0.8431189656257629
19, 29, 0.27272728085517883, 1.755458950996399
19, 23, 0.4595959484577179, 1.571613073348999
19, 4, 0.5151515007019043, 1.4582970142364502
19, 28, 0.44949495792388916, 1.4300941228866577
19, 1, 0.3756345212459564, 1.6391632556915283
19, 26, 0.36868685483932495, 1.9272801876068115
19, 2, 0.3888888955116272, 1.3904069662094116
19, 0, 0.5380710363388062, 1.321541428565979
19, 22, 0.24242424964904785, 1.8655180931091309
19, 11, 0.5025380849838257, 1.345953106880188
19, 25, 0.5226130485534668, 1.3334901332855225
19, 8, 0.8030303120613098, 0.8075292706489563
19, 24, 0.24747474491596222, 1.7792789936065674
19, 7, 0.8944723606109619, 0.5036109685897827
19, 19, 0.3787878751754761, 1.5647433996200562
19, 21, 0.38383838534355164, 1.5343923568725586
19, 15, 0.02525252476334572, 2.3542447090148926
19, 12, 0.39393940567970276, 1.3732595443725586
19, 9, 0.5226130485534668, 1.3913627862930298
19, 13, 0.5888324975967407, 1.523131251335144
19, 5, 0.5126903653144836, 1.3426152467727661
19, 6, 0.3333333432674408, 1.5434789657592773
19, 18, 0.33838382363319397, 1.5394501686096191
20, 1, 0.34517765045166016, 1.7413554191589355
20, 20, 0.6212121248245239, 1.124578833580017
20, 4, 0.6060606241226196, 1.2966020107269287
20, 3, 0.6464646458625793, 1.1298587322235107
20, 22, 0.29797980189323425, 1.7554361820220947
20, 15, 0.020202020183205605, 2.2864468097686768
20, 14, 0.32487308979034424, 1.866839051246643
20, 24, 0.19696970283985138, 1.828115701675415
20, 21, 0.22727273404598236, 1.9788529872894287
20, 18, 0.631313145160675, 1.273302674293518
20, 27, 0.4747474789619446, 1.3950327634811401
20, 26, 0.4191919267177582, 1.862134337425232
20, 25, 0.5829145908355713, 1.2374180555343628
20, 19, 0.4040403962135315, 1.5348325967788696
20, 16, 0.6212121248245239, 1.0927073955535889
20, 2, 0.5656565427780151, 1.2561267614364624
20, 13, 0.6649746298789978, 1.389379620552063
20, 5, 0.5888324975967407, 1.3299797773361206
20, 9, 0.643216073513031, 1.1530414819717407
20, 17, 0.691919207572937, 1.0787304639816284
20, 29, 0.2929292917251587, 1.708875298500061
20, 12, 0.5555555820465088, 1.1416516304016113
20, 0, 0.49238577485084534, 1.304617166519165
20, 28, 0.5101010203361511, 1.334386944770813
20, 23, 0.4292929172515869, 1.8327617645263672
20, 11, 0.4517766535282135, 1.3888484239578247
20, 10, 0.6934673190116882, 1.002126693725586
20, 7, 0.839195966720581, 0.6775140166282654
20, 6, 0.3333333432674408, 1.5632178783416748
20, 8, 0.6969696879386902, 0.9947785139083862
21, 20, 0.2222222238779068, 1.4123497009277344
21, 23, 0.43939393758773804, 1.7366060018539429
21, 2, 0.19191919267177582, 1.600404977798462
21, 3, 0.3333333432674408, 1.3213717937469482
21, 16, 0.631313145160675, 1.1378614902496338
21, 28, 0.5656565427780151, 1.3127293586730957
21, 15, 0.01515151560306549, 2.7597463130950928
21, 24, 0.2929292917251587, 1.8481487035751343
21, 19, 0.25757575035095215, 1.7980520725250244
21, 17, 0.4747474789619446, 1.3198940753936768
21, 5, 0.4974619150161743, 1.675059199333191
21, 8, 0.7575757503509521, 0.8928036689758301
21, 18, 0.3636363744735718, 1.527923583984375
21, 4, 0.6666666865348816, 1.1588914394378662
21, 14, 0.44162437319755554, 1.711267352104187
21, 27, 0.4848484992980957, 1.3669642210006714
21, 1, 0.2639593780040741, 1.9197025299072266
21, 29, 0.18686868250370026, 1.8076927661895752
21, 11, 0.4517766535282135, 1.3652334213256836
21, 7, 0.9396985173225403, 0.35960566997528076
21, 12, 0.4848484992980957, 1.3346189260482788
21, 22, 0.2626262605190277, 1.793624758720398
21, 26, 0.4191919267177582, 1.9011319875717163
21, 9, 0.5175879597663879, 1.3198374509811401
21, 13, 0.5939086079597473, 1.5065914392471313
21, 10, 0.8542713522911072, 0.8955690264701843
21, 21, 0.33838382363319397, 1.6356806755065918
21, 0, 0.6091370582580566, 1.3098962306976318
21, 25, 0.6482412219047546, 1.187955379486084
21, 6, 0.2373737394809723, 1.5668338537216187
22, 3, 0.7323232293128967, 1.010056972503662
22, 18, 0.5303030014038086, 1.3755477666854858
22, 14, 0.3807106614112854, 1.72275710105896
22, 16, 0.6868686676025391, 1.1048160791397095
22, 11, 0.5380710363388062, 1.2241020202636719
22, 15, 0.020202020183205605, 2.3800551891326904
22, 5, 0.5482233762741089, 1.5374836921691895
22, 8, 0.747474730014801, 0.935356855392456
22, 1, 0.3350253701210022, 1.7551201581954956
22, 23, 0.42424243688583374, 1.8591378927230835
22, 17, 0.6363636255264282, 1.0801897048950195
22, 0, 0.2588832378387451, 1.3629807233810425
22, 20, 0.7373737096786499, 0.9985907077789307
22, 12, 0.4444444477558136, 1.35019850730896
22, 22, 0.26767677068710327, 1.886818528175354
22, 29, 0.28787878155708313, 1.7632251977920532
22, 10, 0.7839195728302002, 0.9136018753051758
22, 28, 0.4444444477558136, 1.3749620914459229
22, 21, 0.32828283309936523, 1.7229763269424438
22, 19, 0.46464645862579346, 1.4212634563446045
22, 7, 0.8442211151123047, 0.6260727047920227
22, 26, 0.3585858643054962, 1.9124641418457031
22, 9, 0.6582914590835571, 1.0887516736984253
22, 13, 0.624365508556366, 1.4340019226074219
22, 6, 0.39898988604545593, 1.5103775262832642
22, 25, 0.48241207003593445, 1.2262251377105713
22, 2, 0.7020202279090881, 1.1322729587554932
22, 27, 0.469696968793869, 1.468263864517212
22, 24, 0.21212121844291687, 1.8006963729858398
22, 4, 0.5757575631141663, 1.3091955184936523
23, 29, 0.2222222238779068, 1.8038609027862549
23, 15, 0.05050504952669144, 2.426990509033203
23, 28, 0.5101010203361511, 1.307209849357605
23, 2, 0.3585858643054962, 1.3308128118515015
23, 10, 0.8442211151123047, 0.853847086429596
23, 27, 0.4898989796638489, 1.3176383972167969
23, 14, 0.4263959527015686, 1.6518303155899048
23, 7, 0.8743718862533569, 0.5812335014343262
23, 3, 0.4444444477558136, 1.1750558614730835
23, 16, 0.6818181872367859, 1.1838159561157227
23, 8, 0.7070707082748413, 0.9720885753631592
23, 21, 0.4141414165496826, 1.5794450044631958
23, 20, 0.4141414165496826, 1.1980633735656738
23, 19, 0.29797980189323425, 1.7590631246566772
23, 6, 0.2929292917251587, 1.5323916673660278
23, 23, 0.40909090638160706, 1.7822133302688599
23, 12, 0.5505050420761108, 1.203575849533081
23, 4, 0.6060606241226196, 1.2353609800338745
23, 5, 0.5431472063064575, 1.6697838306427002
23, 9, 0.5628140568733215, 1.272517204284668
23, 1, 0.32487308979034424, 1.7955130338668823
23, 0, 0.6040608882904053, 1.1674814224243164
23, 25, 0.6030150651931763, 1.1654386520385742
23, 17, 0.5151515007019043, 1.221886157989502
23, 26, 0.43939393758773804, 1.915457010269165
23, 11, 0.4771573543548584, 1.3028874397277832
23, 13, 0.624365508556366, 1.4122816324234009
23, 24, 0.2929292917251587, 1.744948148727417
23, 18, 0.38383838534355164, 1.5514395236968994
23, 22, 0.3080808222293854, 1.7530542612075806
24, 26, 0.38383838534355164, 1.9079504013061523
24, 19, 0.39898988604545593, 1.564164638519287
24, 4, 0.6161616444587708, 1.2320481538772583
24, 21, 0.35353535413742065, 1.6876400709152222
24, 18, 0.6616161465644836, 1.161827802658081
24, 27, 0.47979798913002014, 1.406655192375183
24, 9, 0.5678392052650452, 1.2008119821548462
24, 20, 0.4747474789619446, 1.1087907552719116
24, 1, 0.3045685291290283, 1.8668067455291748
24, 23, 0.4040403962135315, 1.9987589120864868
24, 29, 0.28787878155708313, 1.7423110008239746
24, 0, 0.6142131686210632, 1.0879615545272827
24, 8, 0.6666666865348816, 1.0270471572875977
24, 25, 0.43718594312667847, 1.3347376585006714
24, 24, 0.24242424964904785, 1.9032683372497559
24, 16, 0.6161616444587708, 1.3223727941513062
24, 12, 0.5303030014038086, 1.2136491537094116
24, 2, 0.4191919267177582, 1.2460100650787354
24, 3, 0.5, 1.1036688089370728
24, 17, 0.7222222089767456, 0.9900296330451965
24, 22, 0.24747474491596222, 2.0012881755828857
24, 14, 0.3350253701210022, 2.0108137130737305
24, 28, 0.4141414165496826, 1.388528823852539
24, 7, 0.8844221234321594, 0.5666080117225647
24, 6, 0.32828283309936523, 1.582623839378357
24, 11, 0.5989847779273987, 1.1042466163635254
24, 5, 0.5482233762741089, 1.5031836032867432
24, 15, 0.05050504952669144, 2.2926979064941406
24, 13, 0.39593908190727234, 1.7308508157730103
24, 10, 0.6783919334411621, 0.9897795915603638
25, 24, 0.2626262605190277, 1.792941927909851
25, 28, 0.4343434274196625, 1.4102003574371338
25, 14, 0.39086294174194336, 1.7364343404769897
25, 18, 0.5909090638160706, 1.3193455934524536
25, 27, 0.49494948983192444, 1.4587639570236206
25, 7, 0.9045225977897644, 0.4917929172515869
25, 21, 0.4040403962135315, 1.5414406061172485
25, 11, 0.4974619150161743, 1.2752681970596313
25, 12, 0.5353535413742065, 1.2183607816696167
25, 16, 0.7323232293128967, 1.0718951225280762
25, 20, 0.6414141654968262, 1.1353715658187866
25, 19, 0.3888888955116272, 1.5991816520690918
25, 25, 0.5326633453369141, 1.2445662021636963
25, 2, 0.5858585834503174, 1.300884485244751
25, 10, 0.7688442468643188, 0.8741316795349121
25, 3, 0.6363636255264282, 1.1438146829605103
25, 1, 0.3299492299556732, 1.7954376935958862
25, 15, 0.04040404036641121, 2.673448085784912
25, 6, 0.3232323229312897, 1.5127315521240234
25, 8, 0.6464646458625793, 1.1783137321472168
25, 29, 0.21212121844291687, 1.807812213897705
25, 23, 0.3787878751754761, 1.9208656549453735
25, 26, 0.4191919267177582, 1.9522165060043335
25, 5, 0.49238577485084534, 1.8098291158676147
25, 4, 0.6818181872367859, 1.0467157363891602
25, 22, 0.27272728085517883, 1.8375598192214966
25, 13, 0.49238577485084534, 1.6475285291671753
25, 9, 0.6030150651931763, 1.1323120594024658
25, 17, 0.6565656661987305, 1.060149908065796
25, 0, 0.3350253701210022, 1.5168449878692627
26, 18, 0.6262626051902771, 1.2442268133163452
26, 5, 0.5939086079597473, 1.868293285369873
26, 23, 0.4343434274196625, 1.9421790838241577
26, 1, 0.27411168813705444, 1.926941990852356
26, 2, 0.4595959484577179, 1.280587911605835
26, 22, 0.28282827138900757, 1.8109382390975952
26, 29, 0.23232322931289673, 1.8112530708312988
26, 17, 0.691919207572937, 1.0284044742584229
26, 11, 0.4771573543548584, 1.2712619304656982
26, 24, 0.2373737394809723, 1.8271772861480713
26, 26, 0.4595959484577179, 1.942821741104126
26, 0, 0.4568527936935425, 1.2840468883514404
26, 7, 0.8793969750404358, 0.5420750379562378
26, 4, 0.5757575631141663, 1.2679200172424316
26, 19, 0.3636363744735718, 1.6417806148529053
26, 9, 0.5226130485534668, 1.2960631847381592
26, 15, 0.04040404036641121, 2.2759337425231934
26, 12, 0.44949495792388916, 1.3768540620803833
26, 21, 0.4343434274196625, 1.5742496252059937
26, 8, 0.7373737096786499, 0.8381783366203308
26, 25, 0.6030150651931763, 1.099136471748352
26, 14, 0.3401015102863312, 1.8022819757461548
26, 28, 0.5656565427780151, 1.2417001724243164
26, 16, 0.5656565427780151, 1.7445980310440063
26, 20, 0.5707070827484131, 1.1108622550964355
26, 13, 0.48730963468551636, 1.5747816562652588
26, 6, 0.2777777910232544, 1.6131576299667358
26, 10, 0.7286432385444641, 0.9041929244995117
26, 3, 0.5555555820465088, 1.1199356317520142
26, 27, 0.5202020406723022, 1.3252583742141724
27, 26, 0.38383838534355164, 2.008788585662842
27, 14, 0.3807106614112854, 1.8264495134353638
27, 8, 0.5909090638160706, 1.187541127204895
27, 1, 0.2842639684677124, 1.9090059995651245
27, 25, 0.49246230721473694, 1.3572099208831787
27, 6, 0.33838382363319397, 1.455904245376587
27, 18, 0.5555555820465088, 1.2869633436203003
27, 13, 0.46192893385887146, 1.6064763069152832
27, 29, 0.2373737394809723, 1.7064791917800903
27, 7, 0.9246231317520142, 0.3909183144569397
27, 24, 0.29797980189323425, 1.7911665439605713
27, 2, 0.43939393758773804, 1.346515417098999
27, 3, 0.5303030014038086, 1.1349451541900635
27, 16, 0.7070707082748413, 1.177862286567688
27, 17, 0.6060606241226196, 1.1418277025222778
27, 5, 0.5076141953468323, 1.8683170080184937
27, 0, 0.43654823303222656, 1.3542627096176147
27, 23, 0.3484848439693451, 2.1828413009643555
27, 27, 0.49494948983192444, 1.4315385818481445
27, 12, 0.5404040217399597, 1.2195006608963013
27, 28, 0.47979798913002014, 1.4192017316818237
27, 9, 0.5929648280143738, 1.1190310716629028
27, 11, 0.4720812141895294, 1.3805433511734009
27, 21, 0.4292929172515869, 1.5944586992263794
27, 22, 0.28282827138900757, 1.852588415145874
27, 4, 0.6565656661987305, 1.0805639028549194
27, 10, 0.8090452551841736, 0.7937981486320496
27, 20, 0.5505050420761108, 1.1410771608352661
27, 15, 0.04545454680919647, 2.6469109058380127
27, 19, 0.3333333432674408, 1.6536979675292969
28, 4, 0.5707070827484131, 1.2804129123687744
28, 18, 0.5757575631141663, 1.3348627090454102
28, 23, 0.40909090638160706, 2.0949184894561768
28, 3, 0.5, 1.1329693794250488
28, 0, 0.5583756566047668, 1.142632007598877
28, 5, 0.5736040472984314, 1.9342595338821411
28, 6, 0.2222222238779068, 1.891650915145874
28, 1, 0.3401015102863312, 1.8666154146194458
28, 12, 0.40909090638160706, 1.5214329957962036
28, 16, 0.6363636255264282, 1.6266944408416748
28, 20, 0.47979798913002014, 1.0968281030654907
28, 9, 0.5276381969451904, 1.2919797897338867
28, 7, 0.8442211151123047, 0.5823277831077576
28, 29, 0.18686868250370026, 1.96272873878479
28, 22, 0.2525252401828766, 2.1565465927124023
28, 21, 0.3787878751754761, 1.7996052503585815
28, 14, 0.3756345212459564, 2.0431320667266846
28, 15, 0.05050504952669144, 2.398712635040283
28, 17, 0.6464646458625793, 1.0286062955856323
28, 26, 0.4292929172515869, 1.9405053853988647
28, 13, 0.3756345212459564, 1.745850682258606
28, 11, 0.6091370582580566, 1.053420066833496
28, 25, 0.4773869216442108, 1.1599966287612915
28, 24, 0.35353535413742065, 1.7174646854400635
28, 27, 0.4343434274196625, 1.568579912185669
28, 2, 0.42424243688583374, 1.2483850717544556
28, 19, 0.5, 1.3626381158828735
28, 28, 0.43939393758773804, 1.3361480236053467
28, 10, 0.7788944840431213, 0.7271439433097839
28, 8, 0.6868686676025391, 0.910648763179779
29, 3, 0.4747474789619446, 1.1584584712982178
29, 20, 0.44949495792388916, 1.1543254852294922
29, 23, 0.29797980189323425, 2.2948784828186035
29, 1, 0.3502538204193115, 1.7726151943206787
29, 6, 0.3636363744735718, 1.4256283044815063
29, 12, 0.469696968793869, 1.345318078994751
29, 4, 0.5808081030845642, 1.1673256158828735
29, 19, 0.2626262605190277, 1.9565966129302979
29, 22, 0.31313130259513855, 1.8365272283554077
29, 8, 0.5505050420761108, 1.301989197731018
29, 9, 0.5376884341239929, 1.2709916830062866
29, 11, 0.4720812141895294, 1.2951630353927612
29, 16, 0.6969696879386902, 1.436102032661438
29, 5, 0.5279187560081482, 1.9701305627822876
29, 21, 0.5050504803657532, 1.4265409708023071
29, 25, 0.48241207003593445, 1.303570032119751
29, 29, 0.33838382363319397, 1.682870626449585
29, 0, 0.5177664756774902, 1.1495802402496338
29, 18, 0.5757575631141663, 1.3061221837997437
29, 28, 0.4444444477558136, 1.426161527633667
29, 26, 0.38383838534355164, 2.004551887512207
29, 13, 0.4314720928668976, 1.6666274070739746
29, 14, 0.3857868015766144, 1.7656643390655518
29, 24, 0.28282827138900757, 1.9184634685516357
29, 17, 0.6060606241226196, 1.0960255861282349
29, 2, 0.43939393758773804, 1.3148307800292969
29, 7, 0.8643215894699097, 0.5575110912322998
29, 27, 0.5303030014038086, 1.376616358757019
29, 10, 0.7788944840431213, 0.7998335361480713
29, 15, 0.0555555559694767, 2.339916229248047
30, 2, 0.24242424964904785, 1.9602229595184326
30, 19, 0.3484848439693451, 1.5846143960952759
30, 25, 0.02010050229728222, 4.651881694793701
30, 4, 0.19696970283985138, 1.8616585731506348
30, 12, 0.2777777910232544, 1.9988828897476196
30, 16, 0.7020202279090881, 0.7794245481491089
30, 27, 0.21717171370983124, 2.367513656616211
30, 20, 0.5353535413742065, 1.0667046308517456
30, 28, 0.09090909361839294, 14.457183837890625
30, 15, 0.12121212482452393, 3.9297378063201904
30, 7, 0.8693467378616333, 0.43211889266967773
30, 11, 0.46192893385887146, 1.3131179809570312
30, 26, 0.10606060922145844, 18.891979217529297
30, 18, 0.6111111044883728, 1.2203121185302734
30, 21, 0.23232322931289673, 2.1310994625091553
30, 23, 0.35353535413742065, 2.231931686401367
30, 17, 0.1818181872367859, 2.1159934997558594
30, 0, 0.32487308979034424, 2.092053174972534
30, 24, 0.34343433380126953, 2.629762649536133
30, 10, 0.3216080367565155, 3.4693708419799805
30, 22, 0.14141413569450378, 10.10055160522461
30, 3, 0.6717171669006348, 1.0281652212142944
30, 5, 0.37055838108062744, 3.5287930965423584
30, 1, 0.20812182128429413, 14.734726905822754
30, 14, 0.41624364256858826, 2.130782127380371
30, 6, 0.39393940567970276, 2.175333023071289
30, 8, 0.5909090638160706, 1.256439447402954
30, 13, 0.2131979763507843, 3.1490285396575928
30, 9, 0.29145729541778564, 1.7731066942214966
30, 29, 0.2070707082748413, 2.1115636825561523
31, 25, 0.9648241400718689, 0.3171158730983734
31, 0, 0.03553299605846405, 2.921360969543457
31, 7, 0.8743718862533569, 0.6047680974006653
31, 20, 0.747474730014801, 1.0480449199676514
31, 27, 0.11616161465644836, 2.1239843368530273
31, 10, 0.05025125667452812, 2.174024820327759
31, 3, 0.29797980189323425, 1.8225734233856201
31, 22, 0.06565656512975693, 2.179717779159546
31, 1, 0.18274112045764923, 2.2787773609161377
31, 15, 0.9191918969154358, 0.4148290753364563
31, 8, 0.8787878751754761, 0.5747784972190857
31, 18, 0.6161616444587708, 1.4620391130447388
31, 16, 0.8282828330993652, 0.8287386894226074
31, 13, 0.3096446692943573, 1.9018374681472778
31, 14, 0.2893401086330414, 2.0184099674224854
31, 24, 0.4292929172515869, 1.8168078660964966
31, 12, 0.11616161465644836, 2.4086427688598633
31, 6, 0.6212121248245239, 1.5219923257827759
31, 29, 0.3737373650074005, 1.7127124071121216
31, 19, 0.8383838534355164, 0.5459707975387573
31, 28, 0.15656565129756927, 2.979782819747925
31, 4, 0.33838382363319397, 1.502010464668274
31, 2, 0.8838383555412292, 0.5540385246276855
31, 11, 0.5431472063064575, 1.3313366174697876
31, 9, 0.80402010679245, 0.5941304564476013
31, 17, 0.2222222238779068, 1.8348816633224487
31, 23, 0.31313130259513855, 1.9601672887802124
31, 21, 0.4191919267177582, 1.8486576080322266
31, 5, 0.39593908190727234, 1.9809958934783936
31, 26, 0.32828283309936523, 2.1419734954833984
32, 10, 0.8291457295417786, 1.0076441764831543
32, 3, 0.3585858643054962, 1.6405714750289917
32, 7, 0.80402010679245, 0.7583417296409607
32, 5, 0.3756345212459564, 1.7343653440475464
32, 11, 0.6548223495483398, 0.933310866355896
32, 29, 0.3737373650074005, 1.7799729108810425
32, 20, 0.8535353541374207, 0.8357225060462952
32, 21, 0.29797980189323425, 1.7244662046432495
32, 22, 0.13636364042758942, 2.2115631103515625
32, 4, 0.3888888955116272, 1.2670496702194214
32, 23, 0.6010100841522217, 1.4624550342559814
32, 19, 0.868686854839325, 0.536681592464447
32, 2, 0.8333333134651184, 0.6768096089363098
32, 8, 0.8888888955116272, 0.5247215628623962
32, 1, 0.19796954095363617, 2.3219096660614014
32, 27, 0.0555555559694767, 2.3375985622406006
32, 14, 0.3502538204193115, 1.7467883825302124
32, 0, 0.12690354883670807, 2.0072760581970215
32, 26, 0.09090909361839294, 2.411024570465088
32, 15, 0.8636363744735718, 0.7090796232223511
32, 28, 0.20202019810676575, 2.512709856033325
32, 9, 0.7788944840431213, 0.7068290710449219
32, 13, 0.4111675024032593, 1.7333005666732788
32, 25, 0.8592965006828308, 0.6966222524642944
32, 24, 0.42424243688583374, 1.7622038125991821
32, 6, 0.6868686676025391, 1.256724238395691
32, 12, 0.5656565427780151, 1.4471744298934937
32, 16, 0.8787878751754761, 0.7562263011932373
32, 18, 0.6414141654968262, 1.4138209819793701
32, 17, 0.24747474491596222, 1.8051700592041016
33, 14, 0.3401015102863312, 1.7981141805648804
33, 5, 0.4010152220726013, 1.5688374042510986
33, 22, 0.2222222238779068, 2.0433380603790283
33, 21, 0.32828283309936523, 1.559325098991394
33, 17, 0.1818181872367859, 1.9490983486175537
33, 10, 0.32663315534591675, 1.7591524124145508
33, 1, 0.3502538204193115, 1.9390910863876343
33, 15, 0.9292929172515869, 0.47033414244651794
33, 26, 0.33838382363319397, 1.9832983016967773
33, 3, 0.29797980189323425, 1.6645382642745972
33, 12, 0.2222222238779068, 2.008723020553589
33, 16, 0.8939393758773804, 0.7638879418373108
33, 28, 0.25757575035095215, 2.2452147006988525
33, 20, 0.8434343338012695, 0.9475205540657043
33, 29, 0.3888888955116272, 1.7138371467590332
33, 9, 0.7839195728302002, 0.658653974533081
33, 0, 0.16243654489517212, 2.0819473266601562
33, 25, 0.9447236061096191, 0.45156335830688477
33, 8, 0.8787878751754761, 0.6118552684783936
33, 24, 0.4898989796638489, 1.5517492294311523
33, 18, 0.6868686676025391, 1.2067948579788208
33, 27, 0.08585858345031738, 2.1717662811279297
33, 13, 0.1878172606229782, 1.94282865524292
33, 2, 0.8333333134651184, 0.6471771001815796
33, 6, 0.6717171669006348, 1.2977099418640137
33, 11, 0.6700507402420044, 0.9081063270568848
33, 19, 0.8585858345031738, 0.5122631192207336
33, 4, 0.21212121844291687, 1.6017688512802124
33, 23, 0.6262626051902771, 1.2487859725952148
33, 7, 0.8994975090026855, 0.6284217238426208
34, 27, 0.0555555559694767, 2.2799274921417236
34, 28, 0.31313130259513855, 2.0159835815429688
34, 16, 0.8888888955116272, 0.6612456440925598
34, 15, 0.8636363744735718, 0.6511532664299011
34, 23, 0.6060606241226196, 1.3186346292495728
34, 10, 0.6030150651931763, 1.3090118169784546
34, 26, 0.1818181872367859, 2.13069748878479
34, 6, 0.6565656661987305, 1.2867364883422852
34, 0, 0.12182740867137909, 2.055832624435425
34, 4, 0.5050504803657532, 1.2055505514144897
34, 18, 0.6565656661987305, 1.213692307472229
34, 11, 0.6548223495483398, 0.9932684898376465
34, 13, 0.3553299605846405, 1.765617847442627
34, 22, 0.3030303120613098, 1.8403465747833252
34, 12, 0.4545454680919647, 1.4676588773727417
34, 3, 0.2626262605190277, 1.86492919921875
34, 7, 0.8190954923629761, 0.6466010808944702
34, 9, 0.8090452551841736, 0.5590335726737976
34, 2, 0.8535353541374207, 0.62462317943573
34, 29, 0.35353535413742065, 1.7331674098968506
34, 17, 0.2626262605190277, 2.0363640785217285
34, 5, 0.41624364256858826, 1.639577031135559
34, 1, 0.44162437319755554, 1.6340545415878296
34, 24, 0.5151515007019043, 1.5097802877426147
34, 14, 0.3756345212459564, 1.6807339191436768
34, 21, 0.36868685483932495, 1.4583956003189087
34, 19, 0.8434343338012695, 0.4977509379386902
34, 20, 0.8232323527336121, 0.8068263530731201
34, 8, 0.868686854839325, 0.5646040439605713
34, 25, 0.8542713522911072, 0.6814285516738892
35, 3, 0.28282827138900757, 1.838057518005371
35, 1, 0.4720812141895294, 1.6377918720245361
35, 21, 0.3484848439693451, 1.491100788116455
35, 8, 0.8787878751754761, 0.5367612242698669
35, 12, 0.2525252401828766, 1.909496545791626
35, 19, 0.8434343338012695, 0.5543189644813538
35, 18, 0.6515151262283325, 1.230596899986267
35, 26, 0.26767677068710327, 1.9692060947418213
35, 20, 0.8383838534355164, 0.8190049529075623
35, 23, 0.6111111044883728, 1.2468773126602173
35, 6, 0.6868686676025391, 1.1788169145584106
35, 16, 0.9090909361839294, 0.7154865264892578
35, 11, 0.6751269102096558, 0.8506343960762024
35, 7, 0.8442211151123047, 0.711871325969696
35, 22, 0.3181818127632141, 1.8512206077575684
35, 17, 0.18686868250370026, 2.001189947128296
35, 2, 0.7979797720909119, 0.7348657250404358
35, 15, 0.9191918969154358, 0.5137411952018738
35, 0, 0.22842639684677124, 1.8408281803131104
35, 13, 0.3553299605846405, 1.7483758926391602
35, 25, 0.9447236061096191, 0.48650041222572327
35, 24, 0.5202020406723022, 1.5064057111740112
35, 4, 0.2626262605190277, 1.4449490308761597
35, 29, 0.38383838534355164, 1.7133269309997559
35, 5, 0.42131978273391724, 1.4262890815734863
35, 14, 0.36548224091529846, 1.650030255317688
35, 27, 0.07070706784725189, 2.258371353149414
35, 10, 0.21608039736747742, 1.873801350593567
35, 28, 0.3030303120613098, 2.110584259033203
35, 9, 0.8190954923629761, 0.6421979069709778
36, 2, 0.8333333134651184, 0.6208029389381409
36, 18, 0.6666666865348816, 1.2105040550231934
36, 6, 0.6010100841522217, 1.3379881381988525
36, 20, 0.7828282713890076, 0.9231796860694885
36, 9, 0.8492462038993835, 0.5334121584892273
36, 12, 0.4191919267177582, 1.5447194576263428
36, 11, 0.6345177888870239, 0.9739559292793274
36, 4, 0.5707070827484131, 1.1457082033157349
36, 19, 0.8282828330993652, 0.5459364056587219
36, 27, 0.06060606241226196, 2.274505853652954
36, 10, 0.5326633453369141, 1.2642173767089844
36, 14, 0.43654823303222656, 1.5793360471725464
36, 7, 0.8743718862533569, 0.5449876189231873
36, 8, 0.8888888955116272, 0.5094243884086609
36, 28, 0.34343433380126953, 1.9080747365951538
36, 17, 0.29797980189323425, 1.944492220878601
36, 5, 0.4568527936935425, 1.4690561294555664
36, 26, 0.23232322931289673, 2.2044057846069336
36, 29, 0.3181818127632141, 1.7814058065414429
36, 15, 0.8989899158477783, 0.47391369938850403
36, 16, 0.8787878751754761, 0.6872601509094238
36, 22, 0.2929292917251587, 1.86005699634552
36, 21, 0.3636363744735718, 1.5057908296585083
36, 24, 0.5050504803657532, 1.5469779968261719
36, 0, 0.1675126850605011, 2.074193239212036
36, 25, 0.8894472122192383, 0.48859500885009766
36, 1, 0.4771573543548584, 1.657582402229309
36, 13, 0.39086294174194336, 1.6386667490005493
36, 3, 0.24242424964904785, 1.8528186082839966
36, 23, 0.5656565427780151, 1.3759911060333252
37, 16, 0.8939393758773804, 0.6593585014343262
37, 3, 0.23232322931289673, 2.043794631958008
37, 8, 0.8585858345031738, 0.550824761390686
37, 1, 0.5126903653144836, 1.3775118589401245
37, 5, 0.4111675024032593, 1.4490944147109985
37, 29, 0.3888888955116272, 1.7478457689285278
37, 9, 0.8090452551841736, 0.6920861005783081
37, 28, 0.31313130259513855, 1.916115641593933
37, 7, 0.8994975090026855, 0.6270896196365356
37, 17, 0.1818181872367859, 2.102304697036743
37, 0, 0.27411168813705444, 1.7751561403274536
37, 15, 0.8888888955116272, 0.6696927547454834
37, 26, 0.34343433380126953, 1.9102561473846436
37, 4, 0.25757575035095215, 1.4864139556884766
37, 24, 0.5050504803657532, 1.4470888376235962
37, 22, 0.39393940567970276, 1.7580273151397705
37, 21, 0.2777777910232544, 1.6300867795944214
37, 6, 0.6767676472663879, 1.1660194396972656
37, 12, 0.39393940567970276, 1.682289481163025
37, 27, 0.07070706784725189, 2.327883243560791
37, 13, 0.22842639684677124, 1.9963958263397217
37, 14, 0.5431472063064575, 1.3376132249832153
37, 10, 0.17587940394878387, 2.0564804077148438
37, 25, 0.8140703439712524, 0.7537866830825806
37, 11, 0.7157360315322876, 0.8568728566169739
37, 19, 0.808080792427063, 0.5793570280075073
37, 23, 0.6111111044883728, 1.2393192052841187
37, 20, 0.8535353541374207, 0.7759796380996704
37, 2, 0.7626262903213501, 0.8176090121269226
37, 18, 0.6616161465644836, 1.2097398042678833
38, 9, 0.7788944840431213, 0.680152952671051
38, 28, 0.29797980189323425, 1.9187442064285278
38, 19, 0.8636363744735718, 0.48920902609825134
38, 2, 0.8282828330993652, 0.6924956440925598
38, 10, 0.47236180305480957, 1.3613499402999878
38, 24, 0.5151515007019043, 1.4883179664611816
38, 22, 0.38383838534355164, 1.7699642181396484
38, 6, 0.6565656661987305, 1.2411681413650513
38, 13, 0.3096446692943573, 1.8200434446334839
38, 1, 0.4010152220726013, 1.7001451253890991
38, 12, 0.44949495792388916, 1.472227931022644
38, 23, 0.5808081030845642, 1.304401159286499
38, 21, 0.3333333432674408, 1.4711624383926392
38, 26, 0.24242424964904785, 2.5374069213867188
38, 14, 0.49238577485084534, 1.4644345045089722
38, 0, 0.2842639684677124, 1.7364293336868286
38, 20, 0.8434343338012695, 0.813740074634552
38, 5, 0.42131978273391724, 1.510888934135437
38, 17, 0.2222222238779068, 2.0292446613311768
38, 4, 0.3636363744735718, 1.3052301406860352
38, 8, 0.8787878751754761, 0.5084348917007446
38, 25, 0.8643215894699097, 0.5462523102760315
38, 18, 0.6666666865348816, 1.1541160345077515
38, 7, 0.8894472122192383, 0.5878704190254211
38, 29, 0.34343433380126953, 1.7237191200256348
38, 27, 0.08080808073282242, 2.226426362991333
38, 16, 0.9141414165496826, 0.6531398296356201
38, 11, 0.6903553009033203, 1.0065171718597412
38, 15, 0.9141414165496826, 0.49770328402519226
38, 3, 0.2525252401828766, 1.873303771018982
39, 14, 0.5126903653144836, 1.2983349561691284
39, 23, 0.5757575631141663, 1.318008542060852
39, 22, 0.3888888955116272, 1.7298932075500488
39, 11, 0.7360405921936035, 0.9039294123649597
39, 20, 0.868686854839325, 0.7726011276245117
39, 13, 0.20812182128429413, 1.9792758226394653
39, 3, 0.19696970283985138, 2.0040040016174316
39, 2, 0.7626262903213501, 0.8036423325538635
39, 26, 0.3333333432674408, 1.9496169090270996
39, 7, 0.8944723606109619, 0.6461101174354553
39, 0, 0.29441624879837036, 1.7544786930084229
39, 27, 0.08080808073282242, 2.293372631072998
39, 9, 0.7587939500808716, 0.740131139755249
39, 28, 0.35353535413742065, 1.7092511653900146
39, 17, 0.24747474491596222, 2.031858444213867
39, 8, 0.8484848737716675, 0.5537309646606445
39, 19, 0.8282828330993652, 0.5770708322525024
39, 25, 0.8793969750404358, 0.5118747353553772
39, 21, 0.2070707082748413, 1.9109792709350586
39, 29, 0.3636363744735718, 1.7332921028137207
39, 15, 0.9040403962135315, 0.46277686953544617
39, 4, 0.38383838534355164, 1.2939833402633667
39, 12, 0.4040403962135315, 1.5557860136032104
39, 10, 0.1557788997888565, 2.1749141216278076
39, 24, 0.5101010203361511, 1.4085562229156494
39, 16, 0.8989899158477783, 0.6633129119873047
39, 6, 0.6666666865348816, 1.1577088832855225
39, 5, 0.44162437319755554, 1.4816724061965942
39, 18, 0.6969696879386902, 1.0896676778793335
39, 1, 0.4771573543548584, 1.5096107721328735
40, 0, 0.22842639684677124, 1.9810950756072998
40, 6, 0.6717171669006348, 1.1272872686386108
40, 25, 0.8793969750404358, 0.4967106282711029
40, 1, 0.4467005133628845, 1.5532335042953491
40, 10, 0.38693466782569885, 1.5902507305145264
40, 2, 0.7929292917251587, 0.7445622682571411
40, 3, 0.23232322931289673, 2.123194456100464
40, 16, 0.8787878751754761, 0.7436659932136536
40, 21, 0.3787878751754761, 1.5018556118011475
40, 11, 0.720812201499939, 0.9430850148200989
40, 29, 0.3636363744735718, 1.7893997430801392
40, 13, 0.4010152220726013, 1.614152431488037
40, 22, 0.3888888955116272, 1.682363510131836
40, 20, 0.808080792427063, 0.8092662692070007
40, 23, 0.5707070827484131, 1.314468264579773
40, 14, 0.48730963468551636, 1.4591704607009888
40, 26, 0.3030303120613098, 2.5999650955200195
40, 24, 0.4848484992980957, 1.4577590227127075
40, 8, 0.868686854839325, 0.5236501693725586
40, 19, 0.8131313323974609, 0.5773431658744812
40, 17, 0.19191919267177582, 2.0700786113739014
40, 15, 0.9343434572219849, 0.4318649172782898
40, 27, 0.09595959633588791, 2.3251683712005615
40, 12, 0.3888888955116272, 1.6506165266036987
40, 5, 0.4517766535282135, 1.3445265293121338
40, 9, 0.7587939500808716, 0.700197696685791
40, 28, 0.28282827138900757, 1.9680612087249756
40, 7, 0.839195966720581, 0.7553576827049255
40, 18, 0.6515151262283325, 1.1424461603164673
40, 4, 0.3484848439693451, 1.3761448860168457
41, 25, 0.8844221234321594, 0.46446171402931213
41, 9, 0.7788944840431213, 0.6470661163330078
41, 22, 0.42424243688583374, 1.5991358757019043
41, 10, 0.16080401837825775, 2.226555109024048
41, 13, 0.2690355181694031, 1.8680942058563232
41, 8, 0.8535353541374207, 0.5495172142982483
41, 27, 0.08080808073282242, 2.3490021228790283
41, 12, 0.3787878751754761, 1.6671191453933716
41, 4, 0.3737373650074005, 1.3166828155517578
41, 11, 0.7055837512016296, 1.124867558479309
41, 23, 0.6010100841522217, 1.2535957098007202
41, 5, 0.42131978273391724, 1.4939799308776855
41, 7, 0.8793969750404358, 0.6127946376800537
41, 21, 0.34343433380126953, 1.624409556388855
41, 19, 0.8282828330993652, 0.5730326771736145
41, 16, 0.9090909361839294, 0.643039345741272
41, 15, 0.9141414165496826, 0.43727046251296997
41, 2, 0.7979797720909119, 0.7233633399009705
41, 6, 0.6464646458625793, 1.1461596488952637
41, 3, 0.24747474491596222, 2.0119409561157227
41, 14, 0.4314720928668976, 1.5441430807113647
41, 17, 0.21212121844291687, 2.121249198913574
41, 26, 0.39898988604545593, 2.153057098388672
41, 28, 0.2525252401828766, 2.0556437969207764
41, 24, 0.5252525210380554, 1.4326612949371338
41, 18, 0.6161616444587708, 1.2086727619171143
41, 20, 0.8585858345031738, 0.7641705870628357
41, 29, 0.35353535413742065, 1.7687478065490723
41, 0, 0.1928934007883072, 2.0745787620544434
41, 1, 0.43654823303222656, 1.5800487995147705
42, 6, 0.6666666865348816, 1.1489546298980713
42, 12, 0.4141414165496826, 1.5492101907730103
42, 4, 0.3585858643054962, 1.3207699060440063
42, 8, 0.8181818127632141, 0.5881478786468506
42, 14, 0.48730963468551636, 1.448442816734314
42, 15, 0.9040403962135315, 0.44003331661224365
42, 23, 0.560606062412262, 1.2832679748535156
42, 20, 0.8282828330993652, 0.7621420621871948
42, 28, 0.3080808222293854, 2.0833916664123535
42, 17, 0.23232322931289673, 2.1015496253967285
42, 3, 0.24747474491596222, 2.246833324432373
42, 25, 0.8442211151123047, 0.4729514718055725
42, 1, 0.3857868015766144, 1.684510350227356
42, 2, 0.7626262903213501, 0.8826301097869873
42, 13, 0.27411168813705444, 1.8954236507415771
42, 22, 0.39898988604545593, 1.7386858463287354
42, 0, 0.20304568111896515, 2.084224224090576
42, 11, 0.7411167621612549, 0.9739013314247131
42, 21, 0.3181818127632141, 1.588301420211792
42, 18, 0.6414141654968262, 1.0645021200180054
42, 29, 0.3585858643054962, 1.7812458276748657
42, 7, 0.8643215894699097, 0.6220605969429016
42, 16, 0.8888888955116272, 0.6604492664337158
42, 5, 0.43654823303222656, 1.449286699295044
42, 26, 0.3030303120613098, 2.5845835208892822
42, 19, 0.7777777910232544, 0.6524379849433899
42, 9, 0.7185929417610168, 0.8851730227470398
42, 27, 0.09090909361839294, 2.336422920227051
42, 10, 0.3467336595058441, 1.637933611869812
42, 24, 0.5151515007019043, 1.3891342878341675
43, 10, 0.10050251334905624, 2.596055269241333
43, 15, 0.8888888955116272, 0.4762040078639984
43, 4, 0.560606062412262, 1.120903730392456
43, 23, 0.5303030014038086, 1.3488742113113403
43, 1, 0.4822334945201874, 1.6034533977508545
43, 3, 0.2373737394809723, 2.169480800628662
43, 21, 0.25757575035095215, 1.8421183824539185
43, 22, 0.4444444477558136, 1.6329118013381958
43, 14, 0.4720812141895294, 1.4739394187927246
43, 9, 0.7487437129020691, 0.7568190693855286
43, 12, 0.35353535413742065, 1.8326679468154907
43, 11, 0.720812201499939, 1.0911171436309814
43, 17, 0.3333333432674408, 2.001472234725952
43, 6, 0.5959596037864685, 1.21940279006958
43, 2, 0.7626262903213501, 0.8262715935707092
43, 28, 0.3484848439693451, 1.8970568180084229
43, 25, 0.8643215894699097, 0.48261502385139465
43, 18, 0.6212121248245239, 1.1517869234085083
43, 13, 0.3299492299556732, 1.7271816730499268
43, 27, 0.08080808073282242, 2.3750414848327637
43, 16, 0.8737373948097229, 0.6987917423248291
43, 5, 0.4771573543548584, 1.3778566122055054
43, 7, 0.8894472122192383, 0.6007498502731323
43, 24, 0.4898989796638489, 1.4791655540466309
43, 19, 0.808080792427063, 0.5975547432899475
43, 26, 0.3787878751754761, 2.3446640968322754
43, 20, 0.7575757503509521, 0.8542234897613525
43, 0, 0.3350253701210022, 1.6471422910690308
43, 8, 0.8333333134651184, 0.5396271347999573
43, 29, 0.3181818127632141, 1.825119137763977
44, 2, 0.7676767706871033, 0.8328630328178406
44, 4, 0.3333333432674408, 1.3516488075256348
44, 15, 0.9242424368858337, 0.35143494606018066
44, 28, 0.29797980189323425, 1.9941747188568115
44, 11, 0.7614213228225708, 1.0808054208755493
44, 24, 0.4898989796638489, 1.692531704902649
44, 12, 0.33838382363319397, 2.0877866744995117
44, 23, 0.5555555820465088, 1.2874835729599
44, 18, 0.5858585834503174, 1.364068865776062
44, 1, 0.5126903653144836, 1.5966891050338745
44, 6, 0.6767676472663879, 1.0754979848861694
44, 27, 0.06060606241226196, 2.5760910511016846
44, 7, 0.8442211151123047, 0.6239472031593323
44, 13, 0.2588832378387451, 1.9941489696502686
44, 8, 0.8838383555412292, 0.48306646943092346
44, 26, 0.3636363744735718, 2.375610113143921
44, 25, 0.8793969750404358, 0.43476229906082153
44, 5, 0.4263959527015686, 1.4734854698181152
44, 29, 0.3636363744735718, 1.8621584177017212
44, 0, 0.1878172606229782, 2.337613582611084
44, 9, 0.7839195728302002, 0.6257825493812561
44, 17, 0.21212121844291687, 2.228104591369629
44, 20, 0.868686854839325, 0.6497836112976074
44, 16, 0.8989899158477783, 0.5873861312866211
44, 19, 0.8131313323974609, 0.6457284688949585
44, 10, 0.28140702843666077, 1.989311933517456
44, 3, 0.26767677068710327, 2.248142719268799
44, 22, 0.39898988604545593, 1.6944345235824585
44, 21, 0.42424243688583374, 1.4591585397720337
44, 14, 0.4517766535282135, 1.544044017791748
45, 10, 0.17085427045822144, 2.8245339393615723
45, 19, 0.7727272510528564, 0.683071494102478
45, 0, 0.3604061007499695, 1.8562116622924805
45, 14, 0.4568527936935425, 1.5277098417282104
45, 2, 0.7272727489471436, 1.0304057598114014
45, 7, 0.8643215894699097, 0.6514221429824829
45, 23, 0.5656565427780151, 1.285531997680664
45, 28, 0.26767677068710327, 2.1271045207977295
45, 6, 0.6464646458625793, 1.1693530082702637
45, 12, 0.3484848439693451, 1.8338708877563477
45, 11, 0.7918781638145447, 1.2232123613357544
45, 26, 0.33838382363319397, 3.138789415359497
45, 16, 0.8737373948097229, 0.703068733215332
45, 1, 0.46192893385887146, 1.97440767288208
45, 3, 0.2525252401828766, 2.268761396408081
45, 22, 0.4292929172515869, 1.6463379859924316
45, 15, 0.9141414165496826, 0.3999748229980469
45, 25, 0.9045225977897644, 0.40832480788230896
45, 18, 0.5858585834503174, 1.2555598020553589
45, 9, 0.713567852973938, 0.9054279923439026
45, 8, 0.8383838534355164, 0.5724933743476868
45, 27, 0.09090909361839294, 2.4148709774017334
45, 13, 0.32487308979034424, 1.813727855682373
45, 4, 0.469696968793869, 1.202496886253357
45, 24, 0.5, 1.485123634338379
45, 5, 0.46192893385887146, 1.4095665216445923
45, 29, 0.3232323229312897, 1.8473546504974365
45, 17, 0.24747474491596222, 2.0915541648864746
45, 20, 0.8232323527336121, 0.8083924651145935
45, 21, 0.26767677068710327, 1.8130223751068115
46, 23, 0.5707070827484131, 1.2557687759399414
46, 18, 0.6010100841522217, 1.2530442476272583
46, 0, 0.15228426456451416, 2.5801889896392822
46, 20, 0.8131313323974609, 0.7511125802993774
46, 19, 0.7878788113594055, 0.7750356793403625
46, 13, 0.2791878283023834, 1.969343900680542
46, 29, 0.35353535413742065, 1.8769322633743286
46, 15, 0.8989899158477783, 0.35479483008384705
46, 10, 0.3065326511859894, 2.023536443710327
46, 3, 0.28282827138900757, 2.132654905319214
46, 6, 0.6666666865348816, 1.1521451473236084
46, 22, 0.4040403962135315, 1.7510132789611816
46, 5, 0.4568527936935425, 1.3784335851669312
46, 7, 0.8894472122192383, 0.6050015687942505
46, 28, 0.3232323229312897, 1.9821999073028564
46, 12, 0.3737373650074005, 2.1894190311431885
46, 11, 0.6751269102096558, 1.2953613996505737
46, 2, 0.8282828330993652, 0.7287437915802002
46, 14, 0.4467005133628845, 1.5601083040237427
46, 9, 0.7989949584007263, 0.6603917479515076
46, 8, 0.868686854839325, 0.5537177324295044
46, 17, 0.24747474491596222, 2.185689687728882
46, 27, 0.08080808073282242, 2.5535776615142822
46, 25, 0.8592965006828308, 0.4564056098461151
46, 21, 0.31313130259513855, 1.8632508516311646
46, 1, 0.4467005133628845, 1.9041881561279297
46, 24, 0.469696968793869, 1.6855628490447998
46, 26, 0.3636363744735718, 2.582056760787964
46, 16, 0.8787878751754761, 0.6425178050994873
46, 4, 0.4545454680919647, 1.23744535446167
47, 15, 0.9040403962135315, 0.4184414744377136
47, 21, 0.3333333432674408, 1.8792688846588135
47, 24, 0.5202020406723022, 1.5611408948898315
47, 1, 0.46192893385887146, 1.867033839225769
47, 11, 0.7715736031532288, 1.25126314163208
47, 4, 0.5505050420761108, 1.083742380142212
47, 29, 0.3181818127632141, 1.8341286182403564
47, 6, 0.6363636255264282, 1.1594425439834595
47, 28, 0.3333333432674408, 2.041853427886963
47, 23, 0.560606062412262, 1.3057928085327148
47, 19, 0.8030303120613098, 0.7178858518600464
47, 17, 0.29797980189323425, 2.0754787921905518
47, 0, 0.14720812439918518, 2.3688273429870605
47, 18, 0.7070707082748413, 1.0062330961227417
47, 27, 0.08080808073282242, 2.440592050552368
47, 2, 0.7121211886405945, 1.1616290807724
47, 25, 0.8643215894699097, 0.4765104651451111
47, 5, 0.46700507402420044, 1.384982943534851
47, 10, 0.1909547746181488, 2.7979273796081543
47, 13, 0.2893401086330414, 1.9363718032836914
47, 26, 0.32828283309936523, 3.183871269226074
47, 22, 0.40909090638160706, 1.6609432697296143
47, 12, 0.3585858643054962, 2.0457212924957275
47, 16, 0.8232323527336121, 0.6941136121749878
47, 20, 0.8181818127632141, 0.7914444208145142
47, 8, 0.8131313323974609, 0.6436122059822083
47, 7, 0.8643215894699097, 0.6655579209327698
47, 3, 0.2525252401828766, 2.382575273513794
47, 9, 0.7386934757232666, 0.9072175621986389
47, 14, 0.43654823303222656, 1.6334141492843628
48, 23, 0.5757575631141663, 1.2963413000106812
48, 11, 0.6598984599113464, 1.5434151887893677
48, 17, 0.21717171370983124, 2.3793013095855713
48, 21, 0.36868685483932495, 1.7351256608963013
48, 13, 0.24873095750808716, 2.026028871536255
48, 5, 0.4467005133628845, 1.4586232900619507
48, 1, 0.4517766535282135, 1.8989228010177612
48, 14, 0.4111675024032593, 1.671913981437683
48, 28, 0.32828283309936523, 2.0948050022125244
48, 7, 0.8643215894699097, 0.6117644309997559
48, 0, 0.3401015102863312, 1.8154581785202026
48, 15, 0.8888888955116272, 0.4211405813694
48, 10, 0.286432147026062, 2.0762856006622314
48, 9, 0.839195966720581, 0.5621832609176636
48, 2, 0.8434343338012695, 0.7551687359809875
48, 22, 0.3484848439693451, 1.87046217918396
48, 6, 0.6818181872367859, 1.1250513792037964
48, 16, 0.868686854839325, 0.6177862286567688
48, 29, 0.33838382363319397, 1.8091139793395996
48, 20, 0.8434343338012695, 0.7171345949172974
48, 24, 0.469696968793869, 1.7500591278076172
48, 8, 0.8484848737716675, 0.5597629547119141
48, 18, 0.5959596037864685, 1.2335145473480225
48, 26, 0.35353535413742065, 2.6595754623413086
48, 3, 0.3232323229312897, 2.1020212173461914
48, 25, 0.8793969750404358, 0.49460819363594055
48, 27, 0.11616161465644836, 2.4567935466766357
48, 12, 0.35353535413742065, 2.0759387016296387
48, 4, 0.38383838534355164, 1.3759171962738037
48, 19, 0.8030303120613098, 0.89728844165802
49, 22, 0.4191919267177582, 1.6975507736206055
49, 6, 0.6616161465644836, 1.1345055103302002
49, 20, 0.7979797720909119, 0.7917172908782959
49, 21, 0.21212121844291687, 2.2368223667144775
49, 3, 0.3181818127632141, 2.2322404384613037
49, 8, 0.8181818127632141, 0.6873623132705688
49, 28, 0.27272728085517883, 2.259575366973877
49, 7, 0.8643215894699097, 0.6354917287826538
49, 14, 0.4822334945201874, 1.5898104906082153
49, 9, 0.7487437129020691, 0.8469241261482239
49, 18, 0.6565656661987305, 1.131272792816162
49, 10, 0.18592964112758636, 2.960259437561035
49, 17, 0.2626262605190277, 2.1108407974243164
49, 25, 0.8542713522911072, 0.4942866265773773
49, 23, 0.5959596037864685, 1.2674654722213745
49, 1, 0.6040608882904053, 1.4615424871444702
49, 11, 0.7309644818305969, 1.5001736879348755
49, 29, 0.3181818127632141, 1.9604413509368896
49, 4, 0.5, 1.1221193075180054
49, 26, 0.3636363744735718, 3.0561745166778564
49, 24, 0.4898989796638489, 1.5642974376678467
49, 19, 0.7979797720909119, 0.7737827301025391
49, 5, 0.46700507402420044, 1.3071719408035278
49, 0, 0.14720812439918518, 2.5515072345733643
49, 2, 0.7424242496490479, 1.008426547050476
49, 15, 0.9141414165496826, 0.3945964574813843
49, 12, 0.40909090638160706, 2.164290428161621
49, 16, 0.8333333134651184, 0.6720532774925232
49, 27, 0.09090909361839294, 2.628983736038208
49, 13, 0.24365481734275818, 2.1791906356811523
50, 19, 0.7828282713890076, 0.8040207624435425
50, 28, 0.3484848439693451, 1.9648785591125488
50, 0, 0.4568527936935425, 1.452545166015625
50, 17, 0.2222222238779068, 2.529918909072876
50, 5, 0.4314720928668976, 1.525990605354309
50, 26, 0.3232323229312897, 3.5980632305145264
50, 18, 0.6868686676025391, 1.0366753339767456
50, 20, 0.8383838534355164, 0.6820564866065979
50, 7, 0.8743718862533569, 0.5302281379699707
50, 22, 0.39393940567970276, 1.909987211227417
50, 23, 0.5050504803657532, 1.4104945659637451
50, 12, 0.3232323229312897, 2.2315075397491455
50, 3, 0.31313130259513855, 2.3301117420196533
50, 29, 0.35353535413742065, 1.8367276191711426
50, 11, 0.7563451528549194, 1.438853144645691
50, 27, 0.13636364042758942, 2.4973998069763184
50, 1, 0.3350253701210022, 2.929487705230713
50, 15, 0.8181818127632141, 0.5299347639083862
50, 16, 0.8787878751754761, 0.5599832534790039
50, 8, 0.8282828330993652, 0.6236171126365662
50, 14, 0.42131978273391724, 1.7743560075759888
50, 2, 0.7575757503509521, 0.9820143580436707
50, 13, 0.24365481734275818, 2.0774548053741455
50, 10, 0.4271356761455536, 1.8007694482803345
50, 24, 0.5151515007019043, 1.6343576908111572
50, 6, 0.6464646458625793, 1.1507936716079712
50, 21, 0.42424243688583374, 1.5676113367080688
50, 25, 0.8492462038993835, 0.5288946032524109
50, 9, 0.7487437129020691, 0.7506195306777954
50, 4, 0.3737373650074005, 1.437033772468567
