1, 11, 0.0, 2.363212823867798
1, 28, 0.0, 2.4194352626800537
1, 20, 0.005050505045801401, 2.3025832176208496
1, 19, 0.05050504952669144, 2.341076374053955
1, 13, 0.03553299605846405, 2.1942784786224365
1, 18, 0.04545454680919647, 2.23391056060791
1, 12, 0.03030303120613098, 2.3012869358062744
1, 6, 0.0, 2.320284366607666
1, 5, 0.0, 2.3273203372955322
1, 17, 0.005050505045801401, 2.3762764930725098
1, 25, 0.0, 2.553652763366699
1, 16, 0.0, 2.3244919776916504
1, 8, 0.0, 2.3384945392608643
1, 21, 0.12121212482452393, 2.3305556774139404
1, 9, 0.0, 2.293435573577881
1, 3, 0.0, 2.310455083847046
1, 0, 0.0, 2.2497804164886475
1, 15, 0.0, 2.506190538406372
1, 24, 0.16161616146564484, 2.230816125869751
1, 10, 0.0, 2.2974159717559814
1, 22, 0.0, 2.3519668579101562
1, 14, 0.0, 2.3679118156433105
1, 26, 0.17171716690063477, 2.3287386894226074
1, 4, 0.0, 2.202446937561035
1, 1, 0.4517766535282135, 2.2342376708984375
1, 2, 0.005050505045801401, 2.294355869293213
1, 23, 0.07575757801532745, 2.2882652282714844
1, 7, 0.0, 2.346850872039795
1, 27, 0.33838382363319397, 2.177816390991211
1, 29, 0.24747474491596222, 2.215108633041382
2, 8, 0.0, 2.2639963626861572
2, 5, 0.0, 2.265850305557251
2, 22, 0.19191919267177582, 2.3859097957611084
2, 25, 0.0, 2.3313088417053223
2, 18, 0.0, 2.236248254776001
2, 7, 0.0, 2.2615432739257812
2, 1, 0.0, 2.3042972087860107
2, 23, 0.02525252476334572, 2.339305877685547
2, 20, 0.8838383555412292, 2.0815789699554443
2, 3, 0.752525269985199, 2.1156818866729736
2, 28, 0.0, 2.3381075859069824
2, 10, 0.9547738432884216, 2.0732345581054688
2, 13, 0.0, 2.296976089477539
2, 21, 0.0, 2.290839672088623
2, 4, 0.06060606241226196, 2.222781181335449
2, 17, 0.06565656512975693, 2.263237476348877
2, 6, 0.7979797720909119, 2.110170841217041
2, 15, 0.005050505045801401, 2.322725772857666
2, 0, 0.0, 2.440803289413452
2, 26, 0.0, 2.3291499614715576
2, 2, 0.8989899158477783, 2.0877866744995117
2, 29, 0.4343434274196625, 2.205498695373535
2, 12, 0.5050504803657532, 2.1635382175445557
2, 27, 0.0, 2.3314361572265625
2, 14, 0.36548224091529846, 2.2201473712921143
2, 24, 0.0, 2.302400827407837
2, 11, 0.0, 2.33813214302063
2, 9, 0.7437185645103455, 2.114736795425415
2, 16, 0.5151515007019043, 2.1576664447784424
2, 19, 0.560606062412262, 2.1806907653808594
3, 0, 0.0, 2.3396008014678955
3, 10, 0.02512562833726406, 2.1471188068389893
3, 4, 0.8333333134651184, 2.0609371662139893
3, 19, 0.0, 2.3643224239349365
3, 9, 0.1557788997888565, 2.175053596496582
3, 1, 0.05076142027974129, 2.2829926013946533
3, 6, 0.005050505045801401, 2.206188678741455
3, 5, 0.3756345212459564, 2.1752891540527344
3, 13, 0.04568528011441231, 2.225721836090088
3, 2, 0.005050505045801401, 2.157959222793579
3, 12, 0.01515151560306549, 2.1962859630584717
3, 14, 0.0710659921169281, 2.362565279006958
3, 29, 0.005050505045801401, 2.2104556560516357
3, 28, 0.01515151560306549, 2.300659418106079
3, 27, 0.04545454680919647, 2.2519948482513428
3, 22, 0.01515151560306549, 2.4502010345458984
3, 7, 0.6633166074752808, 2.073437213897705
3, 16, 0.28282827138900757, 2.1159300804138184
3, 3, 0.14141413569450378, 2.1398143768310547
3, 20, 0.04545454680919647, 2.1409268379211426
3, 18, 0.7676767706871033, 2.0930352210998535
3, 25, 0.02010050229728222, 2.3093912601470947
3, 26, 0.1818181872367859, 2.304304838180542
3, 15, 0.0, 2.2990965843200684
3, 17, 0.4292929172515869, 2.180903673171997
3, 24, 0.469696968793869, 2.2004520893096924
3, 11, 0.16243654489517212, 2.5257339477539062
3, 8, 0.5707070827484131, 2.0740573406219482
3, 21, 0.0, 2.2877109050750732
3, 23, 0.3484848439693451, 2.2012529373168945
4, 8, 0.3232323229312897, 1.8955179452896118
4, 13, 0.0, 2.134383201599121
4, 20, 0.7828282713890076, 1.9245084524154663
4, 4, 0.04545454680919647, 2.1615993976593018
4, 27, 0.02525252476334572, 2.164250612258911
4, 6, 0.691919207572937, 2.048476457595825
4, 3, 0.7323232293128967, 1.949495553970337
4, 21, 0.0, 2.42294979095459
4, 0, 0.0, 2.517843246459961
4, 26, 0.0, 2.3387508392333984
4, 15, 0.0, 2.3372881412506104
4, 17, 0.08080808073282242, 2.256748676300049
4, 2, 0.7727272510528564, 1.9571201801300049
4, 12, 0.4141414165496826, 2.1209588050842285
4, 1, 0.025380710139870644, 2.2795333862304688
4, 5, 0.10152284055948257, 2.2169151306152344
4, 29, 0.3585858643054962, 2.044182300567627
4, 16, 0.5757575631141663, 1.9147816896438599
4, 24, 0.08080808073282242, 2.2324464321136475
4, 22, 0.1515151560306549, 2.5517802238464355
4, 28, 0.0, 2.3309340476989746
4, 11, 0.0, 2.5670504570007324
4, 10, 0.7738693356513977, 1.944107174873352
4, 19, 0.47979798913002014, 2.2219038009643555
4, 9, 0.5979899764060974, 2.039742946624756
4, 23, 0.22727273404598236, 2.165005683898926
4, 25, 0.01005025114864111, 2.377721071243286
4, 7, 0.38693466782569885, 1.8904531002044678
4, 14, 0.3553299605846405, 2.260390281677246
4, 18, 0.005050505045801401, 2.1960721015930176
5, 18, 0.6969696879386902, 1.6055783033370972
5, 14, 0.32487308979034424, 2.474736452102661
5, 0, 0.005076142027974129, 2.7307732105255127
5, 20, 0.5252525210380554, 1.6052839756011963
5, 24, 0.0, 5.465983867645264
5, 7, 0.0, 7.49714469909668
5, 10, 0.030150754377245903, 3.0028743743896484
5, 3, 0.3030303120613098, 1.9469082355499268
5, 8, 0.07070706784725189, 1.7747665643692017
5, 28, 0.0, 3.1409897804260254
5, 27, 0.0, 3.2038376331329346
5, 15, 0.7626262903213501, 1.3552662134170532
5, 9, 0.17587940394878387, 1.8939242362976074
5, 16, 0.0, 6.071400165557861
5, 21, 0.0, 2.9502639770507812
5, 23, 0.0, 7.03569221496582
5, 19, 0.560606062412262, 1.7953497171401978
5, 11, 0.16243654489517212, 2.5793380737304688
5, 26, 0.2373737394809723, 2.307870864868164
5, 29, 0.4343434274196625, 1.9955166578292847
5, 17, 0.6717171669006348, 1.4387859106063843
5, 5, 0.18274112045764923, 2.1740410327911377
5, 4, 0.8535353541374207, 1.3595776557922363
5, 2, 0.8989899158477783, 1.6951510906219482
5, 25, 0.5376884341239929, 1.8254132270812988
5, 12, 0.03030303120613098, 7.114874362945557
5, 6, 0.0, 2.573773145675659
5, 13, 0.0710659921169281, 1.839980959892273
5, 1, 0.12690354883670807, 4.419680118560791
5, 22, 0.06060606241226196, 3.1451234817504883
6, 13, 0.015228426083922386, 2.3041799068450928
6, 1, 0.3401015102863312, 2.012181520462036
6, 14, 0.3350253701210022, 1.9764952659606934
6, 25, 0.8190954923629761, 1.4509211778640747
6, 15, 0.035353533923625946, 3.0970449447631836
6, 7, 0.8140703439712524, 1.0111702680587769
6, 0, 0.0, 2.1428794860839844
6, 10, 0.02010050229728222, 2.011295795440674
6, 20, 0.6212121248245239, 1.6552444696426392
6, 21, 0.7020202279090881, 1.7365283966064453
6, 8, 0.02525252476334572, 2.2552242279052734
6, 28, 0.5656565427780151, 1.4746073484420776
6, 11, 0.16243654489517212, 1.8166226148605347
6, 4, 0.8535353541374207, 1.0519731044769287
6, 9, 0.17587940394878387, 1.3248590230941772
6, 16, 0.40909090638160706, 1.3057961463928223
6, 12, 0.19191919267177582, 2.109245777130127
6, 18, 0.04040404036641121, 2.395779848098755
6, 5, 0.12182740867137909, 1.821694254875183
6, 23, 0.38383838534355164, 2.0596110820770264
6, 2, 0.8989899158477783, 0.9405950903892517
6, 19, 0.560606062412262, 1.6427900791168213
6, 6, 0.04545454680919647, 2.226433753967285
6, 26, 0.1515151560306549, 2.2982964515686035
6, 3, 0.6363636255264282, 1.6523374319076538
6, 24, 0.4747474789619446, 2.2140889167785645
6, 22, 0.4595959484577179, 2.0559191703796387
6, 29, 0.4343434274196625, 1.609659194946289
6, 17, 0.469696968793869, 2.1355762481689453
6, 27, 0.02525252476334572, 2.284698009490967
7, 28, 0.6414141654968262, 1.0154494047164917
7, 13, 0.025380710139870644, 2.4449331760406494
7, 15, 0.7121211886405945, 1.574925422668457
7, 3, 0.1111111119389534, 1.8949016332626343
7, 17, 0.42424243688583374, 1.6762285232543945
7, 20, 0.36868685483932495, 1.6757264137268066
7, 23, 0.7020202279090881, 1.4528908729553223
7, 6, 0.12121212482452393, 2.6158101558685303
7, 18, 0.8131313323974609, 1.7293516397476196
7, 27, 0.02525252476334572, 2.3205995559692383
7, 24, 0.27272728085517883, 1.8877511024475098
7, 7, 0.8643215894699097, 1.1218230724334717
7, 12, 0.4141414165496826, 1.6818917989730835
7, 22, 0.02525252476334572, 2.160595655441284
7, 19, 0.560606062412262, 1.414229154586792
7, 25, 0.06532663106918335, 1.5413832664489746
7, 0, 0.20812182128429413, 1.9245573282241821
7, 10, 0.6331658363342285, 1.818101167678833
7, 1, 0.4467005133628845, 1.5984565019607544
7, 26, 0.3030303120613098, 2.080625534057617
7, 11, 0.16243654489517212, 1.6755571365356445
7, 29, 0.4343434274196625, 1.5724059343338013
7, 5, 0.43654823303222656, 1.606473684310913
7, 4, 0.8535353541374207, 1.2037147283554077
7, 2, 0.8989899158477783, 1.1239254474639893
7, 21, 0.7323232293128967, 1.4471131563186646
7, 8, 0.04040404036641121, 2.3201687335968018
7, 16, 0.4292929172515869, 1.7878665924072266
7, 9, 0.17587940394878387, 1.6525540351867676
7, 14, 0.2385786771774292, 2.0287067890167236
8, 5, 0.3807106614112854, 1.7568291425704956
8, 21, 0.7626262903213501, 1.520430326461792
8, 15, 0.08585858345031738, 2.235208511352539
8, 1, 0.29949238896369934, 1.6899707317352295
8, 16, 0.35353535413742065, 1.5473741292953491
8, 8, 0.19191919267177582, 1.7745288610458374
8, 29, 0.4343434274196625, 1.4544771909713745
8, 10, 0.9497487545013428, 0.7849076390266418
8, 22, 0.5151515007019043, 1.877632975578308
8, 3, 0.5454545617103577, 1.6431037187576294
8, 20, 0.6212121248245239, 1.5231738090515137
8, 24, 0.4898989796638489, 1.6212459802627563
8, 18, 0.010101010091602802, 2.39976167678833
8, 11, 0.1878172606229782, 1.857333779335022
8, 14, 0.3299492299556732, 1.7857569456100464
8, 25, 0.005025125574320555, 2.026008129119873
8, 13, 0.5786802172660828, 1.699488639831543
8, 28, 0.6616161465644836, 1.013785719871521
8, 4, 0.8535353541374207, 0.8127010464668274
8, 9, 0.17587940394878387, 1.6012519598007202
8, 27, 0.06060606241226196, 2.1031789779663086
8, 2, 0.8989899158477783, 0.9421636462211609
8, 26, 0.11616161465644836, 2.1035971641540527
8, 17, 0.12121212482452393, 2.0118110179901123
8, 0, 0.0, 2.752837657928467
8, 23, 0.3232323229312897, 1.6694976091384888
8, 19, 0.560606062412262, 1.6424871683120728
8, 6, 0.08080808073282242, 1.9522510766983032
8, 7, 0.6934673190116882, 1.1653200387954712
8, 12, 0.32828283309936523, 1.9965522289276123
9, 14, 0.41624364256858826, 1.745773434638977
9, 24, 0.39898988604545593, 1.76393723487854
9, 11, 0.2639593780040741, 1.6669211387634277
9, 21, 0.6717171669006348, 1.48390793800354
9, 4, 0.8535353541374207, 0.9112133383750916
9, 16, 0.46464645862579346, 1.438382863998413
9, 26, 0.3585858643054962, 1.8811768293380737
9, 27, 0.06060606241226196, 2.0768446922302246
9, 9, 0.18090452253818512, 1.4775197505950928
9, 12, 0.40909090638160706, 1.6554113626480103
9, 20, 0.7323232293128967, 1.3540042638778687
9, 10, 0.7386934757232666, 1.5943468809127808
9, 7, 0.9547738432884216, 0.6582111120223999
9, 23, 0.4747474789619446, 1.346177339553833
9, 8, 0.04040404036641121, 2.8788444995880127
9, 5, 0.4974619150161743, 1.4170966148376465
9, 29, 0.4343434274196625, 1.4759509563446045
9, 19, 0.6010100841522217, 1.4023780822753906
9, 28, 0.6666666865348816, 0.9360041618347168
9, 25, 0.1909547746181488, 1.6010130643844604
9, 18, 0.7777777910232544, 1.5871481895446777
9, 6, 0.10606060922145844, 2.209137201309204
9, 1, 0.4771573543548584, 1.387882113456726
9, 0, 0.11675126850605011, 1.7372416257858276
9, 13, 0.025380710139870644, 2.181553840637207
9, 22, 0.1262626200914383, 2.0905144214630127
9, 15, 0.6616161465644836, 1.5283704996109009
9, 17, 0.4141414165496826, 1.632153034210205
9, 2, 0.8989899158477783, 0.9647514224052429
9, 3, 0.17676767706871033, 1.9113495349884033
10, 2, 0.8888888955116272, 0.8528130054473877
10, 9, 0.19597989320755005, 1.5180869102478027
10, 17, 0.28282827138900757, 1.597080111503601
10, 14, 0.3807106614112854, 1.7158628702163696
10, 25, 0.12060301750898361, 2.051546573638916
10, 0, 0.020304568111896515, 1.8540539741516113
10, 19, 0.5858585834503174, 1.4506398439407349
10, 23, 0.4848484992980957, 1.4149099588394165
10, 3, 0.5707070827484131, 1.4125335216522217
10, 20, 0.6010100841522217, 1.3603758811950684
10, 1, 0.34517765045166016, 1.778388261795044
10, 27, 0.38383838534355164, 1.70624577999115
10, 22, 0.13131313025951385, 1.77947998046875
10, 18, 0.09595959633588791, 2.028132677078247
10, 5, 0.42131978273391724, 1.7677117586135864
10, 7, 0.9849246144294739, 0.8659874796867371
10, 21, 0.4545454680919647, 1.3287278413772583
10, 24, 0.29797980189323425, 1.763203501701355
10, 28, 0.7171717286109924, 0.9096818566322327
10, 11, 0.3299492299556732, 1.7482699155807495
10, 26, 0.1262626200914383, 2.1349751949310303
10, 16, 0.469696968793869, 1.5287501811981201
10, 8, 0.17676767706871033, 1.9244383573532104
10, 10, 0.9145728349685669, 1.3031004667282104
10, 12, 0.33838382363319397, 1.7939081192016602
10, 15, 0.3232323229312897, 1.7085191011428833
10, 29, 0.43939393758773804, 1.4236704111099243
10, 13, 0.10152284055948257, 1.796552300453186
10, 4, 0.8535353541374207, 0.7527227401733398
10, 6, 0.07070706784725189, 2.022343158721924
11, 26, 0.4444444477558136, 1.7558661699295044
11, 14, 0.4568527936935425, 1.5873774290084839
11, 16, 0.469696968793869, 1.3121669292449951
11, 19, 0.5757575631141663, 1.4124455451965332
11, 20, 0.7929292917251587, 1.0826793909072876
11, 15, 0.49494948983192444, 1.3901435136795044
11, 3, 0.20202019810676575, 1.900829792022705
11, 8, 0.06060606241226196, 2.3805036544799805
11, 13, 0.04568528011441231, 2.334531307220459
11, 23, 0.4595959484577179, 1.2216181755065918
11, 28, 0.6818181872367859, 0.8868199586868286
11, 17, 0.3737373650074005, 1.4258452653884888
11, 6, 0.09090909361839294, 2.079373598098755
11, 21, 0.40909090638160706, 1.4307355880737305
11, 0, 0.005076142027974129, 2.3237709999084473
11, 4, 0.8535353541374207, 0.8506501317024231
11, 18, 0.7575757503509521, 1.4029603004455566
11, 29, 0.44949495792388916, 1.3773773908615112
11, 10, 0.6984924674034119, 1.304119348526001
11, 27, 0.08585858345031738, 1.8776628971099854
11, 2, 0.868686854839325, 0.8900803327560425
11, 12, 0.34343433380126953, 1.656741976737976
11, 1, 0.4771573543548584, 1.5006253719329834
11, 22, 0.2525252401828766, 1.902119517326355
11, 5, 0.6395938992500305, 1.3576667308807373
11, 11, 0.41624364256858826, 1.62656569480896
11, 9, 0.21608039736747742, 1.38275945186615
11, 24, 0.4595959484577179, 1.6758732795715332
11, 25, 0.13567839562892914, 1.7343617677688599
11, 7, 0.9597989916801453, 0.5487860441207886
12, 11, 0.3604061007499695, 1.753130555152893
12, 15, 0.3787878751754761, 1.6676509380340576
12, 23, 0.49494948983192444, 1.2939002513885498
12, 19, 0.6464646458625793, 1.2587672472000122
12, 8, 0.06060606241226196, 2.1930339336395264
12, 14, 0.4060913622379303, 1.5640491247177124
12, 3, 0.5656565427780151, 1.4539110660552979
12, 20, 0.6868686676025391, 1.1867969036102295
12, 16, 0.4595959484577179, 1.4808074235916138
12, 24, 0.42424243688583374, 1.6338160037994385
12, 29, 0.4343434274196625, 1.3678215742111206
12, 6, 0.13636364042758942, 2.0596656799316406
12, 12, 0.39393940567970276, 1.5464551448822021
12, 7, 0.9648241400718689, 0.762356698513031
12, 2, 0.8989899158477783, 0.7733361124992371
12, 27, 0.3484848439693451, 1.7906262874603271
12, 1, 0.48730963468551636, 1.4371867179870605
12, 17, 0.29797980189323425, 1.5906316041946411
12, 21, 0.5252525210380554, 1.2432712316513062
12, 18, 0.24747474491596222, 1.865601658821106
12, 10, 0.6281406879425049, 1.4595022201538086
12, 5, 0.5786802172660828, 1.5980565547943115
12, 26, 0.1262626200914383, 2.1285359859466553
12, 25, 0.01005025114864111, 2.102954864501953
12, 22, 0.34343433380126953, 1.7565385103225708
12, 0, 0.0964467003941536, 1.7270616292953491
12, 28, 0.7070707082748413, 0.836704671382904
12, 9, 0.20603014528751373, 1.3594521284103394
12, 13, 0.12690354883670807, 1.9471601247787476
12, 4, 0.8535353541374207, 0.6666094660758972
13, 6, 0.10101009905338287, 2.1754751205444336
13, 17, 0.34343433380126953, 1.4528380632400513
13, 23, 0.4595959484577179, 1.339310646057129
13, 20, 0.8383838534355164, 0.8843050599098206
13, 11, 0.4568527936935425, 1.5451639890670776
13, 8, 0.0555555559694767, 2.096599578857422
13, 1, 0.5482233762741089, 1.251265525817871
13, 4, 0.8535353541374207, 0.7497797012329102
13, 14, 0.4720812141895294, 1.3279882669448853
13, 5, 0.6294416189193726, 1.4736181497573853
13, 19, 0.6464646458625793, 1.2441004514694214
13, 24, 0.47979798913002014, 1.6258708238601685
13, 27, 0.3737373650074005, 1.7295769453048706
13, 29, 0.43939393758773804, 1.3759969472885132
13, 22, 0.21212121844291687, 1.9702481031417847
13, 21, 0.6111111044883728, 1.2712358236312866
13, 9, 0.23618090152740479, 1.2690221071243286
13, 7, 0.9547738432884216, 0.5899802446365356
13, 28, 0.7121211886405945, 0.829475998878479
13, 25, 0.15075376629829407, 1.7414695024490356
13, 26, 0.42424243688583374, 1.708980679512024
13, 10, 0.44723618030548096, 1.38089919090271
13, 3, 0.22727273404598236, 1.8705434799194336
13, 15, 0.4343434274196625, 1.4603455066680908
13, 2, 0.8939393758773804, 0.8250163793563843
13, 13, 0.04060913622379303, 2.150637149810791
13, 16, 0.46464645862579346, 1.2452020645141602
13, 18, 0.47979798913002014, 1.619728922843933
13, 0, 0.005076142027974129, 2.168039560317993
13, 12, 0.39898988604545593, 1.5910714864730835
14, 13, 0.08121827244758606, 1.9196747541427612
14, 7, 0.9447236061096191, 0.5321384072303772
14, 5, 0.5786802172660828, 1.6378540992736816
14, 0, 0.030456852167844772, 1.9476603269577026
14, 12, 0.4292929172515869, 1.4053040742874146
14, 14, 0.43654823303222656, 1.52006196975708
14, 11, 0.4517766535282135, 1.4977428913116455
14, 24, 0.4747474789619446, 1.6762763261795044
14, 22, 0.1818181872367859, 1.8388171195983887
14, 28, 0.7070707082748413, 0.7901604175567627
14, 10, 0.7085427045822144, 1.4309334754943848
14, 1, 0.4568527936935425, 1.4177401065826416
14, 8, 0.08585858345031738, 2.165558099746704
14, 2, 0.8989899158477783, 0.667001485824585
14, 17, 0.3737373650074005, 1.4905506372451782
14, 26, 0.09595959633588791, 2.1572368144989014
14, 18, 0.1515151560306549, 1.9277485609054565
14, 16, 0.46464645862579346, 1.156166434288025
14, 9, 0.23115578293800354, 1.2676292657852173
14, 3, 0.7121211886405945, 1.2393919229507446
14, 21, 0.6717171669006348, 1.1422804594039917
14, 20, 0.7979797720909119, 1.0812084674835205
14, 27, 0.4141414165496826, 1.6060537099838257
14, 4, 0.8636363744735718, 0.7029513120651245
14, 25, 0.01005025114864111, 1.9322500228881836
14, 6, 0.2525252401828766, 1.6856310367584229
14, 23, 0.4545454680919647, 1.368238925933838
14, 19, 0.6111111044883728, 1.2808797359466553
14, 29, 0.43939393758773804, 1.3840080499649048
14, 15, 0.49494948983192444, 1.4949768781661987
15, 4, 0.8585858345031738, 0.6829386353492737
15, 7, 0.9899497628211975, 0.49157384037971497
15, 29, 0.40909090638160706, 1.3187732696533203
15, 8, 0.08080808073282242, 2.0224862098693848
15, 10, 0.6281406879425049, 1.295236349105835
15, 11, 0.5888324975967407, 1.288917899131775
15, 27, 0.40909090638160706, 1.6596447229385376
15, 24, 0.33838382363319397, 1.7157013416290283
15, 23, 0.5, 1.1868926286697388
15, 17, 0.2070707082748413, 1.608262062072754
15, 0, 0.010152284055948257, 2.1087586879730225
15, 12, 0.40909090638160706, 1.5826677083969116
15, 2, 0.8737373948097229, 0.7910557985305786
15, 5, 0.5177664756774902, 1.459662675857544
15, 9, 0.28140702843666077, 1.277122974395752
15, 15, 0.3181818127632141, 1.5984864234924316
15, 26, 0.3484848439693451, 1.7801402807235718
15, 25, 0.2713567912578583, 1.4718945026397705
15, 20, 0.8535353541374207, 0.9008975625038147
15, 16, 0.4747474789619446, 1.2944968938827515
15, 22, 0.1515151560306549, 1.9896808862686157
15, 19, 0.6262626051902771, 1.2049192190170288
15, 6, 0.16161616146564484, 2.0143442153930664
15, 13, 0.04060913622379303, 2.417081594467163
15, 18, 0.4848484992980957, 1.4756324291229248
15, 3, 0.24242424964904785, 1.823131799697876
15, 14, 0.4771573543548584, 1.3481636047363281
15, 1, 0.5126903653144836, 1.2282276153564453
15, 21, 0.5202020406723022, 1.2777717113494873
15, 28, 0.6515151262283325, 1.0368167161941528
16, 3, 0.5050504803657532, 1.4927278757095337
16, 18, 0.35353535413742065, 1.6909767389297485
16, 16, 0.47979798913002014, 1.1319921016693115
16, 23, 0.4898989796638489, 1.3029236793518066
16, 22, 0.17676767706871033, 1.9217770099639893
16, 0, 0.025380710139870644, 2.109174966812134
16, 17, 0.44949495792388916, 1.317125678062439
16, 9, 0.3216080367565155, 1.3018109798431396
16, 8, 0.05050504952669144, 2.251316785812378
16, 25, 0.2763819098472595, 1.6378087997436523
16, 11, 0.6091370582580566, 1.2569466829299927
16, 19, 0.6262626051902771, 1.1919598579406738
16, 12, 0.39393940567970276, 1.5009859800338745
16, 27, 0.42424243688583374, 1.5717604160308838
16, 5, 0.5228426456451416, 1.5458625555038452
16, 20, 0.8585858345031738, 0.7474762797355652
16, 4, 0.8585858345031738, 0.6256317496299744
16, 13, 0.055837564170360565, 2.0862317085266113
16, 21, 0.5303030014038086, 1.2863849401474
16, 15, 0.6767676472663879, 1.2261219024658203
16, 24, 0.3636363744735718, 1.7686541080474854
16, 10, 0.5778894424438477, 1.363327980041504
16, 14, 0.5076141953468323, 1.3377876281738281
16, 2, 0.8131313323974609, 0.8642397522926331
16, 1, 0.4822334945201874, 1.2985683679580688
16, 7, 0.9899497628211975, 0.4476572573184967
16, 28, 0.6767676472663879, 0.9424675703048706
16, 29, 0.4343434274196625, 1.30143141746521
16, 6, 0.21717171370983124, 1.8337948322296143
16, 26, 0.2070707082748413, 2.0142314434051514
17, 21, 0.6666666865348816, 0.991800844669342
17, 11, 0.700507640838623, 0.9445159435272217
17, 4, 0.8484848737716675, 0.6330176591873169
17, 6, 0.17171716690063477, 1.9677727222442627
17, 27, 0.4595959484577179, 1.6371461153030396
17, 9, 0.3467336595058441, 1.3128881454467773
17, 17, 0.32828283309936523, 1.413202166557312
17, 2, 0.8939393758773804, 0.6908496022224426
17, 8, 0.21717171370983124, 1.752732276916504
17, 18, 0.5101010203361511, 1.4920940399169922
17, 25, 0.31658291816711426, 1.478521704673767
17, 15, 0.4040403962135315, 1.4141429662704468
17, 14, 0.4111675024032593, 1.4537025690078735
17, 7, 0.9899497628211975, 0.40774643421173096
17, 23, 0.5404040217399597, 1.1956638097763062
17, 16, 0.4747474789619446, 1.2435375452041626
17, 5, 0.6091370582580566, 1.240022897720337
17, 12, 0.39898988604545593, 1.6009620428085327
17, 19, 0.6969696879386902, 1.1643221378326416
17, 3, 0.3787878751754761, 1.5475386381149292
17, 13, 0.05076142027974129, 2.388545274734497
17, 22, 0.22727273404598236, 1.9005666971206665
17, 29, 0.44949495792388916, 1.3694614171981812
17, 26, 0.3181818127632141, 2.0153605937957764
17, 28, 0.7171717286109924, 0.897881031036377
17, 20, 0.7323232293128967, 0.9659824371337891
17, 0, 0.030456852167844772, 2.0752716064453125
17, 1, 0.41624364256858826, 1.4241529703140259
17, 24, 0.3737373650074005, 1.7538124322891235
17, 10, 0.8341708779335022, 1.2130924463272095
18, 6, 0.26767677068710327, 1.901125192642212
18, 8, 0.04040404036641121, 2.434126853942871
18, 1, 0.6294416189193726, 1.065641164779663
18, 21, 0.6515151262283325, 1.1034663915634155
18, 11, 0.6192893385887146, 1.232789158821106
18, 0, 0.025380710139870644, 2.129918098449707
18, 27, 0.39393940567970276, 1.7000222206115723
18, 22, 0.2929292917251587, 1.8173059225082397
18, 13, 0.3350253701210022, 1.9461908340454102
18, 2, 0.8181818127632141, 0.778651773929596
18, 3, 0.4343434274196625, 1.4563767910003662
18, 9, 0.3316583037376404, 1.3312212228775024
18, 17, 0.5202020406723022, 1.2771852016448975
18, 10, 0.5879396796226501, 1.3019154071807861
18, 16, 0.5050504803657532, 1.1528455018997192
18, 24, 0.3232323229312897, 1.8378392457962036
18, 28, 0.747474730014801, 0.8860698938369751
18, 25, 0.22110553085803986, 1.5948512554168701
18, 15, 0.6464646458625793, 1.1886874437332153
18, 18, 0.3333333432674408, 1.7291542291641235
18, 12, 0.43939393758773804, 1.3321837186813354
18, 5, 0.4822334945201874, 1.627472996711731
18, 29, 0.47979798913002014, 1.2485442161560059
18, 23, 0.5555555820465088, 1.1306976079940796
18, 14, 0.4720812141895294, 1.1953212022781372
18, 19, 0.5959596037864685, 1.2844107151031494
18, 7, 0.9899497628211975, 0.35691043734550476
18, 26, 0.33838382363319397, 1.8570616245269775
18, 20, 0.8181818127632141, 0.8262910842895508
18, 4, 0.8585858345031738, 0.5813767910003662
19, 10, 0.7386934757232666, 1.2269679307937622
19, 6, 0.26767677068710327, 1.85578191280365
19, 24, 0.3232323229312897, 1.889600396156311
19, 19, 0.6515151262283325, 1.1996207237243652
19, 4, 0.8383838534355164, 0.6120756268501282
19, 16, 0.4898989796638489, 1.115824580192566
19, 20, 0.7676767706871033, 0.840208888053894
19, 18, 0.34343433380126953, 1.6534430980682373
19, 26, 0.3333333432674408, 2.030822992324829
19, 21, 0.4595959484577179, 1.2808647155761719
19, 14, 0.4517766535282135, 1.4573495388031006
19, 22, 0.19191919267177582, 1.8196368217468262
19, 1, 0.4467005133628845, 1.3585516214370728
19, 15, 0.7373737096786499, 1.0687144994735718
19, 5, 0.5380710363388062, 1.3592172861099243
19, 13, 0.030456852167844772, 2.3782873153686523
19, 23, 0.5505050420761108, 1.1973884105682373
19, 8, 0.2525252401828766, 1.727936863899231
19, 2, 0.8787878751754761, 0.7202005386352539
19, 11, 0.6649746298789978, 1.0122684240341187
19, 9, 0.37185928225517273, 1.2398667335510254
19, 7, 0.9949748516082764, 0.2362895905971527
19, 17, 0.43939393758773804, 1.285362720489502
19, 27, 0.469696968793869, 1.5668708086013794
19, 29, 0.43939393758773804, 1.332127571105957
19, 12, 0.4040403962135315, 1.661821722984314
19, 25, 0.4874371886253357, 1.2911169528961182
19, 28, 0.752525269985199, 0.9197384715080261
19, 3, 0.5656565427780151, 1.3109313249588013
19, 0, 0.015228426083922386, 2.2297041416168213
20, 17, 0.6717171669006348, 1.2154461145401
20, 1, 0.5634517669677734, 1.1500933170318604
20, 5, 0.4822334945201874, 1.5941768884658813
20, 20, 0.7676767706871033, 0.8643624186515808
20, 7, 0.9849246144294739, 0.3097006380558014
20, 9, 0.39698493480682373, 1.2343850135803223
20, 27, 0.40909090638160706, 1.5482277870178223
20, 26, 0.3333333432674408, 1.9132026433944702
20, 29, 0.47979798913002014, 1.2822948694229126
20, 25, 0.030150754377245903, 1.8897066116333008
20, 24, 0.3636363744735718, 1.7544230222702026
20, 18, 0.5050504803657532, 1.4021400213241577
20, 15, 0.6060606241226196, 1.2580524682998657
20, 6, 0.3585858643054962, 1.7228213548660278
20, 21, 0.6515151262283325, 1.088330626487732
20, 13, 0.15736040472984314, 1.9883943796157837
20, 4, 0.7979797720909119, 0.7439004182815552
20, 11, 0.7461928725242615, 0.7966713905334473
20, 23, 0.6010100841522217, 1.0909420251846313
20, 0, 0.04568528011441231, 2.053182601928711
20, 14, 0.4517766535282135, 1.358095407485962
20, 8, 0.0555555559694767, 2.184540033340454
20, 19, 0.6616161465644836, 1.2496914863586426
20, 28, 0.7373737096786499, 1.0351463556289673
20, 10, 0.552763819694519, 1.2757184505462646
20, 2, 0.8535353541374207, 0.7746706604957581
20, 22, 0.19696970283985138, 1.9700926542282104
20, 3, 0.40909090638160706, 1.4670149087905884
20, 16, 0.4898989796638489, 1.1063841581344604
20, 12, 0.4444444477558136, 1.4042154550552368
21, 5, 0.5583756566047668, 1.3067816495895386
21, 25, 0.3366834223270416, 1.3267678022384644
21, 17, 0.6010100841522217, 1.2510533332824707
21, 0, 0.015228426083922386, 2.377955913543701
21, 20, 0.7373737096786499, 0.8988369107246399
21, 15, 0.6010100841522217, 1.1635595560073853
21, 3, 0.6111111044883728, 1.158700942993164
21, 14, 0.44162437319755554, 1.4540942907333374
21, 24, 0.4595959484577179, 1.6802626848220825
21, 28, 0.691919207572937, 1.1742242574691772
21, 8, 0.10101009905338287, 2.035334348678589
21, 11, 0.6802030205726624, 0.9553621411323547
21, 26, 0.17676767706871033, 2.212956190109253
21, 10, 0.2964824140071869, 1.3833028078079224
21, 19, 0.6262626051902771, 1.227742314338684
21, 9, 0.31658291816711426, 1.2457422018051147
21, 7, 0.9698492288589478, 0.2333143949508667
21, 4, 0.8434343338012695, 0.5731239914894104
21, 22, 0.3080808222293854, 1.7722175121307373
21, 16, 0.4848484992980957, 1.1465719938278198
21, 18, 0.5, 1.4642267227172852
21, 21, 0.6515151262283325, 1.0217915773391724
21, 6, 0.19191919267177582, 2.155205488204956
21, 2, 0.8484848737716675, 0.6935375332832336
21, 29, 0.4444444477558136, 1.3114502429962158
21, 1, 0.4822334945201874, 1.2418744564056396
21, 12, 0.4343434274196625, 1.4035649299621582
21, 23, 0.5909090638160706, 1.0842735767364502
21, 13, 0.015228426083922386, 2.6234982013702393
21, 27, 0.44949495792388916, 1.662873387336731
22, 5, 0.4974619150161743, 1.5378220081329346
22, 6, 0.34343433380126953, 1.7152800559997559
22, 29, 0.5050504803657532, 1.243814468383789
22, 0, 0.3299492299556732, 1.4944794178009033
22, 13, 0.0964467003941536, 2.1389012336730957
22, 9, 0.4422110617160797, 1.1363556385040283
22, 15, 0.5050504803657532, 1.332615852355957
22, 18, 0.4747474789619446, 1.4745477437973022
22, 14, 0.44162437319755554, 1.4837700128555298
22, 25, 0.005025125574320555, 2.223559617996216
22, 19, 0.5909090638160706, 1.1581053733825684
22, 27, 0.3333333432674408, 1.6068074703216553
22, 12, 0.43939393758773804, 1.4204126596450806
22, 7, 0.979899525642395, 0.25034067034721375
22, 24, 0.43939393758773804, 1.6799633502960205
22, 23, 0.6565656661987305, 0.986081063747406
22, 8, 0.08585858345031738, 2.1092641353607178
22, 2, 0.7828282713890076, 0.8648598194122314
22, 17, 0.4444444477558136, 1.4264484643936157
22, 3, 0.44949495792388916, 1.484026312828064
22, 20, 0.7828282713890076, 0.7361024618148804
22, 22, 0.43939393758773804, 1.7623260021209717
22, 10, 0.43718594312667847, 1.3739638328552246
22, 21, 0.6515151262283325, 1.0794270038604736
22, 16, 0.4898989796638489, 1.2148500680923462
22, 1, 0.5431472063064575, 1.1860508918762207
22, 26, 0.2626262605190277, 2.134228229522705
22, 4, 0.8434343338012695, 0.5707590579986572
22, 11, 0.6954314708709717, 0.9097316265106201
22, 28, 0.7424242496490479, 1.2566372156143188
23, 11, 0.7055837512016296, 0.8196510076522827
23, 12, 0.4292929172515869, 1.4439648389816284
23, 19, 0.5808081030845642, 1.3984363079071045
23, 2, 0.8636363744735718, 0.6674920916557312
23, 5, 0.5888324975967407, 1.315995454788208
23, 25, 0.36180904507637024, 1.395353078842163
23, 3, 0.3080808222293854, 1.7449679374694824
23, 10, 0.3216080367565155, 1.3869415521621704
23, 17, 0.5909090638160706, 1.1818509101867676
23, 16, 0.49494948983192444, 1.148560643196106
23, 4, 0.8333333134651184, 0.5669933557510376
23, 8, 0.10101009905338287, 2.1213345527648926
23, 21, 0.6818181872367859, 1.023301601409912
23, 18, 0.5101010203361511, 1.3971580266952515
23, 6, 0.25757575035095215, 1.854422926902771
23, 27, 0.4848484992980957, 1.475673794746399
23, 14, 0.42131978273391724, 1.4638606309890747
23, 23, 0.5858585834503174, 1.1482809782028198
23, 24, 0.42424243688583374, 1.7657569646835327
23, 7, 0.9849246144294739, 0.20095545053482056
23, 28, 0.7323232293128967, 1.211538553237915
23, 0, 0.010152284055948257, 2.8674843311309814
23, 29, 0.46464645862579346, 1.3148924112319946
23, 9, 0.3216080367565155, 1.3249918222427368
23, 22, 0.18686868250370026, 2.037201166152954
23, 13, 0.015228426083922386, 2.88505220413208
23, 1, 0.5025380849838257, 1.2760471105575562
23, 15, 0.7424242496490479, 0.9535348415374756
23, 20, 0.6868686676025391, 0.9140974283218384
23, 26, 0.3333333432674408, 2.0432329177856445
24, 19, 0.5808081030845642, 1.339755892753601
24, 22, 0.31313130259513855, 1.7512234449386597
24, 10, 0.23618090152740479, 1.4666894674301147
24, 6, 0.35353535413742065, 1.7562835216522217
24, 3, 0.5656565427780151, 1.2376805543899536
24, 18, 0.4191919267177582, 1.5763623714447021
24, 20, 0.7121211886405945, 0.8183578848838806
24, 1, 0.5431472063064575, 1.1867930889129639
24, 15, 0.4141414165496826, 1.5082653760910034
24, 27, 0.4747474789619446, 1.4937087297439575
24, 26, 0.21717171370983124, 2.3182926177978516
24, 17, 0.3787878751754761, 1.567305564880371
24, 5, 0.5025380849838257, 1.4410231113433838
24, 28, 0.7222222089767456, 1.3290044069290161
24, 7, 0.9849246144294739, 0.21170012652873993
24, 0, 0.6142131686210632, 1.2910584211349487
24, 21, 0.6212121248245239, 1.0936963558197021
24, 24, 0.38383838534355164, 1.7578082084655762
24, 25, 0.015075377188622952, 2.0766987800598145
24, 23, 0.6010100841522217, 1.0578500032424927
24, 2, 0.8585858345031738, 0.6684735417366028
24, 9, 0.356783926486969, 1.2515939474105835
24, 12, 0.4343434274196625, 1.6248726844787598
24, 14, 0.44162437319755554, 1.3923149108886719
24, 29, 0.469696968793869, 1.2669252157211304
24, 4, 0.7979797720909119, 0.6629816889762878
24, 8, 0.10101009905338287, 2.0477254390716553
24, 16, 0.49494948983192444, 1.2096569538116455
24, 13, 0.12690354883670807, 2.1045491695404053
24, 11, 0.7614213228225708, 0.7380902171134949
25, 4, 0.8181818127632141, 0.6432828903198242
25, 11, 0.7258883118629456, 0.7837165594100952
25, 20, 0.7070707082748413, 0.8322219252586365
25, 16, 0.4898989796638489, 1.1829959154129028
25, 14, 0.41624364256858826, 1.641588807106018
25, 21, 0.6010100841522217, 1.117898941040039
25, 18, 0.5303030014038086, 1.424837350845337
25, 7, 0.979899525642395, 0.27055323123931885
25, 24, 0.4292929172515869, 1.6827157735824585
25, 10, 0.5125628113746643, 1.2158597707748413
25, 8, 0.10101009905338287, 2.120774507522583
25, 23, 0.5959596037864685, 1.1197673082351685
25, 17, 0.6161616444587708, 1.1177691221237183
25, 22, 0.39898988604545593, 1.7323009967803955
25, 29, 0.5050504803657532, 1.3748499155044556
25, 13, 0.03553299605846405, 2.812955379486084
25, 2, 0.8585858345031738, 0.6270149946212769
25, 5, 0.5736040472984314, 1.3499658107757568
25, 9, 0.37185928225517273, 1.1971461772918701
25, 25, 0.3668341636657715, 1.346901297569275
25, 26, 0.3484848439693451, 2.134587287902832
25, 27, 0.39393940567970276, 1.6184390783309937
25, 28, 0.7171717286109924, 1.470603585243225
25, 6, 0.29797980189323425, 1.7986928224563599
25, 19, 0.6515151262283325, 1.1790345907211304
25, 3, 0.31313130259513855, 1.7771302461624146
25, 12, 0.40909090638160706, 1.7095000743865967
25, 0, 0.005076142027974129, 2.831916570663452
25, 15, 0.7676767706871033, 0.8438058495521545
25, 1, 0.5177664756774902, 1.2495017051696777
26, 9, 0.4522612988948822, 1.1370633840560913
26, 15, 0.5858585834503174, 1.2704485654830933
26, 24, 0.42424243688583374, 1.6880656480789185
26, 7, 0.979899525642395, 0.2117537558078766
26, 21, 0.6515151262283325, 1.0868010520935059
26, 25, 0.030150754377245903, 2.134366750717163
26, 6, 0.3737373650074005, 1.765776515007019
26, 23, 0.5858585834503174, 1.132773756980896
26, 26, 0.25757575035095215, 2.5111236572265625
26, 5, 0.49238577485084534, 1.5805901288986206
26, 13, 0.1421319842338562, 2.126640796661377
26, 3, 0.5151515007019043, 1.6146550178527832
26, 4, 0.808080792427063, 0.6772246956825256
26, 29, 0.49494948983192444, 1.306141972541809
26, 19, 0.5909090638160706, 1.3253488540649414
26, 14, 0.41624364256858826, 1.5012072324752808
26, 1, 0.5736040472984314, 1.1998248100280762
26, 18, 0.5252525210380554, 1.3336974382400513
26, 2, 0.8535353541374207, 0.6289123892784119
26, 20, 0.691919207572937, 0.8710752725601196
26, 22, 0.22727273404598236, 2.1505210399627686
26, 0, 0.4771573543548584, 1.312255859375
26, 8, 0.17676767706871033, 1.9266867637634277
26, 28, 0.6515151262283325, 1.7179492712020874
26, 27, 0.4595959484577179, 1.4353963136672974
26, 12, 0.4747474789619446, 1.3909739255905151
26, 10, 0.3366834223270416, 1.4474047422409058
26, 16, 0.4848484992980957, 1.1975159645080566
26, 11, 0.6903553009033203, 0.8143231272697449
26, 17, 0.469696968793869, 1.4929182529449463
27, 25, 0.733668327331543, 0.8574475646018982
27, 9, 0.43718594312667847, 1.2659878730773926
27, 19, 0.5959596037864685, 1.1852209568023682
27, 3, 0.3080808222293854, 1.8529483079910278
27, 12, 0.39898988604545593, 1.7947489023208618
27, 28, 0.7121211886405945, 1.729896903038025
27, 24, 0.3888888955116272, 1.8391622304916382
27, 0, 0.005076142027974129, 2.710813283920288
27, 13, 0.03553299605846405, 3.4040839672088623
27, 11, 0.7258883118629456, 0.8427894711494446
27, 20, 0.747474730014801, 0.7507829666137695
27, 17, 0.6818181872367859, 1.096222162246704
27, 15, 0.8282828330993652, 0.7143877744674683
27, 2, 0.8232323527336121, 0.707755982875824
27, 22, 0.4343434274196625, 1.7461049556732178
27, 14, 0.5126903653144836, 1.3855525255203247
27, 23, 0.6010100841522217, 1.1793287992477417
27, 7, 0.979899525642395, 0.17564791440963745
27, 27, 0.3737373650074005, 1.6211754083633423
27, 10, 0.43718594312667847, 1.339815378189087
27, 26, 0.3333333432674408, 2.1739823818206787
27, 4, 0.8232323527336121, 0.5681250691413879
27, 8, 0.09595959633588791, 2.238818883895874
27, 16, 0.49494948983192444, 1.1408612728118896
27, 5, 0.5482233762741089, 1.38336181640625
27, 1, 0.5279187560081482, 1.231476068496704
27, 21, 0.6464646458625793, 1.1187483072280884
27, 6, 0.1262626200914383, 2.234619379043579
27, 29, 0.5050504803657532, 1.257319450378418
27, 18, 0.5808081030845642, 1.2572495937347412
28, 24, 0.35353535413742065, 1.8511879444122314
28, 4, 0.7575757503509521, 0.6929331421852112
28, 10, 0.26633167266845703, 1.4455726146697998
28, 16, 0.49494948983192444, 1.1622741222381592
28, 7, 0.9648241400718689, 0.19789361953735352
28, 1, 0.4517766535282135, 1.4628938436508179
28, 28, 0.7070707082748413, 1.8619868755340576
28, 12, 0.3737373650074005, 1.7045420408248901
28, 15, 0.6010100841522217, 1.272605538368225
28, 23, 0.6262626051902771, 1.0898020267486572
28, 19, 0.5656565427780151, 1.4533069133758545
28, 2, 0.8585858345031738, 0.6223501563072205
28, 20, 0.6363636255264282, 0.8906754851341248
28, 11, 0.8020304441452026, 0.6945227384567261
28, 6, 0.42424243688583374, 1.6252514123916626
28, 17, 0.5505050420761108, 1.394935965538025
28, 9, 0.4070351719856262, 1.3123126029968262
28, 22, 0.2222222238779068, 2.236830472946167
28, 21, 0.6363636255264282, 1.083823323249817
28, 26, 0.27272728085517883, 2.422163963317871
28, 27, 0.42424243688583374, 1.5025535821914673
28, 18, 0.469696968793869, 1.4363094568252563
28, 25, 0.0, 2.8744826316833496
28, 13, 0.21827411651611328, 1.9825025796890259
28, 8, 0.24242424964904785, 1.8673886060714722
28, 0, 0.4467005133628845, 1.3795124292373657
28, 14, 0.4263959527015686, 1.5800244808197021
28, 29, 0.49494948983192444, 1.380876064300537
28, 3, 0.49494948983192444, 1.5306369066238403
28, 5, 0.48730963468551636, 1.64923095703125
29, 18, 0.5151515007019043, 1.2951265573501587
29, 26, 0.28787878155708313, 2.5933375358581543
29, 21, 0.6515151262283325, 1.0971308946609497
29, 16, 0.4898989796638489, 1.2102900743484497
29, 11, 0.7512690424919128, 0.897819459438324
29, 20, 0.7070707082748413, 0.7779565453529358
29, 29, 0.5, 1.3169230222702026
29, 1, 0.5380710363388062, 1.2018479108810425
29, 3, 0.39898988604545593, 1.5707508325576782
29, 24, 0.5050504803657532, 1.5578467845916748
29, 17, 0.5404040217399597, 1.3654084205627441
29, 7, 0.9396985173225403, 0.25104668736457825
29, 14, 0.4517766535282135, 1.5753666162490845
29, 13, 0.030456852167844772, 3.260080337524414
29, 28, 0.7171717286109924, 1.7436081171035767
29, 0, 0.010152284055948257, 2.7275493144989014
29, 6, 0.06565656512975693, 2.4420835971832275
29, 22, 0.2525252401828766, 2.0904533863067627
29, 15, 0.8737373948097229, 0.5166349411010742
29, 27, 0.4848484992980957, 1.4915002584457397
29, 9, 0.4673366844654083, 1.194292664527893
29, 12, 0.39898988604545593, 1.7563403844833374
29, 8, 0.06565656512975693, 2.6859750747680664
29, 4, 0.8131313323974609, 0.6013910174369812
29, 23, 0.631313145160675, 1.0439199209213257
29, 2, 0.8282828330993652, 0.6493235230445862
29, 19, 0.5858585834503174, 1.3663065433502197
29, 25, 0.733668327331543, 0.8161010146141052
29, 10, 0.4170854389667511, 1.3968409299850464
29, 5, 0.5025380849838257, 1.4199496507644653
30, 17, 0.5404040217399597, 1.3983969688415527
30, 9, 0.3919597864151001, 1.3182692527770996
30, 7, 0.9748743772506714, 0.16525006294250488
30, 16, 0.5, 1.2621208429336548
30, 1, 0.41624364256858826, 1.439771294593811
30, 27, 0.3737373650074005, 1.7229230403900146
30, 20, 0.6212121248245239, 0.8903255462646484
30, 23, 0.6363636255264282, 1.1291497945785522
30, 5, 0.48730963468551636, 1.6185458898544312
30, 2, 0.8383838534355164, 0.637972354888916
30, 0, 0.4111675024032593, 1.382204294204712
30, 19, 0.6111111044883728, 1.2723714113235474
30, 24, 0.4292929172515869, 1.7628743648529053
30, 15, 0.6060606241226196, 1.198175311088562
30, 10, 0.37185928225517273, 1.4036548137664795
30, 26, 0.3080808222293854, 3.424138307571411
30, 3, 0.4292929172515869, 1.6199411153793335
30, 14, 0.4010152220726013, 1.794083595275879
30, 6, 0.2525252401828766, 2.0394227504730225
30, 28, 0.7272727489471436, 1.8417552709579468
30, 12, 0.3888888955116272, 1.7462036609649658
30, 29, 0.4747474789619446, 1.4039669036865234
30, 22, 0.34343433380126953, 1.9406442642211914
30, 4, 0.7727272510528564, 0.6336794495582581
30, 18, 0.5909090638160706, 1.1832726001739502
30, 25, 0.01005025114864111, 2.6078145503997803
30, 13, 0.21827411651611328, 2.0459301471710205
30, 11, 0.7918781638145447, 0.7749048471450806
30, 8, 0.36868685483932495, 1.606969952583313
30, 21, 0.631313145160675, 1.0507603883743286
31, 1, 0.6142131686210632, 1.2011029720306396
31, 22, 0.28282827138900757, 2.1375319957733154
31, 0, 0.005076142027974129, 3.1283516883850098
31, 8, 0.07070706784725189, 2.8270673751831055
31, 24, 0.4545454680919647, 1.6255537271499634
31, 29, 0.5202020406723022, 1.3018062114715576
31, 23, 0.6414141654968262, 1.0755724906921387
31, 28, 0.7373737096786499, 2.0263192653656006
31, 18, 0.5858585834503174, 1.2101325988769531
31, 16, 0.4747474789619446, 1.366037368774414
31, 7, 0.9748743772506714, 0.18919727206230164
31, 2, 0.7828282713890076, 0.6990779042243958
31, 9, 0.43718594312667847, 1.312345266342163
31, 13, 0.055837564170360565, 2.8169000148773193
31, 5, 0.5685279369354248, 1.3640167713165283
31, 19, 0.560606062412262, 1.392045021057129
31, 6, 0.18686868250370026, 2.0107271671295166
31, 17, 0.5858585834503174, 1.2424644231796265
31, 4, 0.8131313323974609, 0.627479076385498
31, 15, 0.868686854839325, 0.4858852028846741
31, 25, 0.5376884341239929, 1.183762550354004
31, 12, 0.40909090638160706, 1.6960232257843018
31, 3, 0.33838382363319397, 2.0165669918060303
31, 21, 0.7020202279090881, 0.9595704674720764
31, 10, 0.3216080367565155, 1.4294989109039307
31, 11, 0.7309644818305969, 0.8472122550010681
31, 27, 0.39393940567970276, 1.7120776176452637
31, 26, 0.2777777910232544, 3.5823986530303955
31, 14, 0.4111675024032593, 1.6134166717529297
31, 20, 0.6212121248245239, 0.955863893032074
32, 4, 0.7979797720909119, 0.6448442339897156
32, 15, 0.5505050420761108, 1.3985470533370972
32, 29, 0.49494948983192444, 1.5122058391571045
32, 26, 0.32828283309936523, 2.8592348098754883
32, 12, 0.39393940567970276, 2.015411138534546
32, 19, 0.5959596037864685, 1.4232724905014038
32, 24, 0.4747474789619446, 1.7384984493255615
32, 8, 0.3030303120613098, 1.7111599445343018
32, 16, 0.5050504803657532, 1.1824039220809937
32, 21, 0.560606062412262, 1.2539042234420776
32, 6, 0.3484848439693451, 1.931745171546936
32, 14, 0.4010152220726013, 1.7647266387939453
32, 20, 0.5151515007019043, 1.0392236709594727
32, 10, 0.5577889680862427, 1.1718395948410034
32, 27, 0.4141414165496826, 1.8138726949691772
32, 25, 0.10552763938903809, 2.065488815307617
32, 5, 0.5076141953468323, 1.5745911598205566
32, 18, 0.49494948983192444, 1.4767955541610718
32, 23, 0.6767676472663879, 1.0339272022247314
32, 7, 0.9447236061096191, 0.2162628173828125
32, 0, 0.23350253701210022, 1.5225151777267456
32, 17, 0.4595959484577179, 1.484282374382019
32, 22, 0.39898988604545593, 1.6551259756088257
32, 13, 0.08629441261291504, 2.371631622314453
32, 9, 0.4170854389667511, 1.3770169019699097
32, 1, 0.5228426456451416, 1.3124741315841675
32, 11, 0.7766497731208801, 0.8711063265800476
32, 28, 0.7070707082748413, 1.9154342412948608
32, 2, 0.8434343338012695, 0.6287621259689331
32, 3, 0.3333333432674408, 2.1776888370513916
33, 15, 0.8636363744735718, 0.5292273759841919
33, 2, 0.8131313323974609, 0.6887871623039246
33, 14, 0.44162437319755554, 1.6521714925765991
33, 20, 0.752525269985199, 0.7384069561958313
33, 21, 0.6161616444587708, 1.1496198177337646
33, 28, 0.7020202279090881, 2.6254281997680664
33, 22, 0.19696970283985138, 2.4947545528411865
33, 27, 0.469696968793869, 1.5745922327041626
33, 11, 0.7512690424919128, 0.9603879451751709
33, 0, 0.005076142027974129, 2.7637832164764404
33, 25, 0.32663315534591675, 1.4629485607147217
33, 9, 0.48241207003593445, 1.3354562520980835
33, 13, 0.06598984450101852, 2.645097494125366
33, 5, 0.5634517669677734, 1.4025624990463257
33, 23, 0.5858585834503174, 1.1397666931152344
33, 7, 0.9698492288589478, 0.15710054337978363
33, 26, 0.21212121844291687, 3.7665698528289795
33, 3, 0.5303030014038086, 1.3649729490280151
33, 19, 0.5555555820465088, 1.4890568256378174
33, 29, 0.49494948983192444, 1.372542142868042
33, 10, 0.43216079473495483, 1.2959370613098145
33, 4, 0.7828282713890076, 0.6868427395820618
33, 12, 0.39393940567970276, 2.0611186027526855
33, 16, 0.5050504803657532, 1.257732629776001
33, 6, 0.20202019810676575, 2.020859956741333
33, 17, 0.5808081030845642, 1.2776005268096924
33, 24, 0.39898988604545593, 1.8182123899459839
33, 18, 0.5454545617103577, 1.2422239780426025
33, 1, 0.5228426456451416, 1.2794328927993774
33, 8, 0.09595959633588791, 2.7783567905426025
34, 3, 0.19696970283985138, 2.669825792312622
34, 13, 0.060913704335689545, 2.699843406677246
34, 17, 0.5404040217399597, 1.3525469303131104
34, 5, 0.5025380849838257, 1.4800359010696411
34, 6, 0.4292929172515869, 1.5363389253616333
34, 24, 0.4292929172515869, 1.8834619522094727
34, 14, 0.4314720928668976, 1.7439374923706055
34, 7, 0.9597989916801453, 0.15476539731025696
34, 23, 0.6616161465644836, 1.1208914518356323
34, 10, 0.3467336595058441, 1.363680124282837
34, 18, 0.4545454680919647, 1.3728199005126953
34, 16, 0.4747474789619446, 1.3926551342010498
34, 0, 0.41624364256858826, 1.3449933528900146
34, 9, 0.5175879597663879, 1.2760027647018433
34, 21, 0.6363636255264282, 1.1800549030303955
34, 26, 0.4191919267177582, 2.4710311889648438
34, 22, 0.3030303120613098, 2.193561315536499
34, 8, 0.18686868250370026, 2.340040922164917
34, 28, 0.691919207572937, 2.3829684257507324
34, 15, 0.6515151262283325, 1.0597288608551025
34, 1, 0.4822334945201874, 1.4387165307998657
34, 4, 0.7777777910232544, 0.7294051051139832
34, 19, 0.5707070827484131, 1.447521448135376
34, 12, 0.40909090638160706, 1.957753300666809
34, 29, 0.5101010203361511, 1.4742214679718018
34, 20, 0.5959596037864685, 0.9556015729904175
34, 11, 0.7563451528549194, 0.9078307747840881
34, 27, 0.44949495792388916, 1.731277346611023
34, 25, 0.2613065242767334, 1.7574348449707031
34, 2, 0.8333333134651184, 0.6935675740242004
35, 28, 0.7424242496490479, 2.408629894256592
35, 20, 0.6767676472663879, 0.8516093492507935
35, 21, 0.691919207572937, 1.0552183389663696
35, 22, 0.28282827138900757, 2.2266175746917725
35, 19, 0.5757575631141663, 1.6083753108978271
35, 17, 0.560606062412262, 1.2121535539627075
35, 1, 0.5380710363388062, 1.3106145858764648
35, 23, 0.5909090638160706, 1.2147363424301147
35, 3, 0.5353535413742065, 1.446359395980835
35, 11, 0.7817258834838867, 0.8533927798271179
35, 10, 0.623115599155426, 1.0705705881118774
35, 7, 0.9698492288589478, 0.1542855203151703
35, 25, 0.28140702843666077, 1.60246741771698
35, 14, 0.39593908190727234, 1.8277993202209473
35, 4, 0.7777777910232544, 0.6862714290618896
35, 12, 0.4141414165496826, 1.8288573026657104
35, 13, 0.060913704335689545, 2.805055618286133
35, 9, 0.4170854389667511, 1.5440608263015747
35, 18, 0.4747474789619446, 1.3238886594772339
35, 16, 0.5, 1.215986728668213
35, 8, 0.15656565129756927, 2.2781941890716553
35, 29, 0.5050504803657532, 1.3666609525680542
35, 0, 0.005076142027974129, 2.9620261192321777
35, 2, 0.8030303120613098, 0.732433021068573
35, 26, 0.1818181872367859, 4.4652228355407715
35, 6, 0.21212121844291687, 2.1534230709075928
35, 27, 0.43939393758773804, 1.7667136192321777
35, 15, 0.8333333134651184, 0.5970408320426941
35, 24, 0.39393940567970276, 1.9521183967590332
35, 5, 0.5634517669677734, 1.3973382711410522
36, 18, 0.5151515007019043, 1.260480523109436
36, 8, 0.15656565129756927, 2.35676646232605
36, 26, 0.39898988604545593, 2.732706308364868
36, 16, 0.49494948983192444, 1.1992355585098267
36, 20, 0.5656565427780151, 1.0386000871658325
36, 4, 0.7727272510528564, 0.8036636710166931
36, 19, 0.6060606241226196, 1.461756706237793
36, 3, 0.21717171370983124, 2.560321092605591
36, 5, 0.4010152220726013, 1.9233630895614624
36, 17, 0.5404040217399597, 1.4002037048339844
36, 12, 0.39898988604545593, 2.098665714263916
36, 22, 0.24747474491596222, 2.363596200942993
36, 10, 0.32663315534591675, 1.4227268695831299
36, 23, 0.6616161465644836, 1.034178614616394
36, 25, 0.29145729541778564, 1.6732226610183716
36, 14, 0.3807106614112854, 1.7645249366760254
36, 24, 0.4898989796638489, 1.7155433893203735
36, 15, 0.7020202279090881, 0.9634366035461426
36, 11, 0.7817258834838867, 0.973440408706665
36, 7, 0.9497487545013428, 0.20661002397537231
36, 21, 0.6616161465644836, 1.1083135604858398
36, 0, 0.4263959527015686, 1.3014100790023804
36, 1, 0.5126903653144836, 1.391770362854004
36, 6, 0.39393940567970276, 1.7316282987594604
36, 28, 0.7020202279090881, 2.3784067630767822
36, 9, 0.41206029057502747, 1.6070598363876343
36, 13, 0.11167512834072113, 2.6023902893066406
36, 2, 0.8030303120613098, 0.6970803737640381
36, 27, 0.44949495792388916, 1.797250509262085
36, 29, 0.5101010203361511, 1.488811731338501
37, 14, 0.4568527936935425, 1.7039587497711182
37, 10, 0.5427135825157166, 1.148074746131897
37, 27, 0.40909090638160706, 1.803812861442566
37, 7, 0.9698492288589478, 0.12203249335289001
37, 4, 0.752525269985199, 0.8052206039428711
37, 23, 0.6010100841522217, 1.195656180381775
37, 1, 0.4314720928668976, 1.5274804830551147
37, 25, 0.2010050266981125, 1.955004334449768
37, 17, 0.5909090638160706, 1.2334078550338745
37, 11, 0.6751269102096558, 1.1017310619354248
37, 8, 0.2070707082748413, 2.0879757404327393
37, 3, 0.691919207572937, 1.0892391204833984
37, 0, 0.005076142027974129, 3.0757322311401367
37, 15, 0.8232323527336121, 0.566156804561615
37, 28, 0.7323232293128967, 2.4427645206451416
37, 22, 0.26767677068710327, 2.2593274116516113
37, 20, 0.6363636255264282, 0.8966301083564758
37, 6, 0.3636363744735718, 1.8237879276275635
37, 26, 0.22727273404598236, 3.991208791732788
37, 21, 0.6616161465644836, 1.0837517976760864
37, 5, 0.5685279369354248, 1.2893400192260742
37, 18, 0.49494948983192444, 1.298223614692688
37, 9, 0.49246230721473694, 1.3340978622436523
37, 19, 0.5303030014038086, 1.7070926427841187
37, 16, 0.5, 1.279460072517395
37, 13, 0.06598984450101852, 3.238615036010742
37, 12, 0.36868685483932495, 2.3681838512420654
37, 24, 0.4141414165496826, 2.027070999145508
37, 2, 0.8181818127632141, 0.7636396884918213
37, 29, 0.4848484992980957, 1.5052436590194702
38, 19, 0.6616161465644836, 1.42580246925354
38, 7, 0.9547738432884216, 0.16293151676654816
38, 27, 0.4545454680919647, 1.8921509981155396
38, 13, 0.23350253701210022, 2.2623488903045654
38, 2, 0.8484848737716675, 0.6971020698547363
38, 21, 0.7373737096786499, 0.9525898694992065
38, 4, 0.7777777910232544, 0.7871216535568237
38, 1, 0.5228426456451416, 1.4933059215545654
38, 10, 0.2613065242767334, 1.5335346460342407
38, 9, 0.41206029057502747, 1.6840004920959473
38, 24, 0.46464645862579346, 1.8976879119873047
38, 16, 0.4848484992980957, 1.357101559638977
38, 3, 0.2626262605190277, 2.6233761310577393
38, 29, 0.49494948983192444, 1.7313135862350464
38, 28, 0.7121211886405945, 2.416099786758423
38, 6, 0.2929292917251587, 2.0199601650238037
38, 25, 0.20603014528751373, 1.9450989961624146
38, 26, 0.36868685483932495, 3.2489805221557617
38, 23, 0.631313145160675, 1.1784768104553223
38, 17, 0.5909090638160706, 1.2682795524597168
38, 5, 0.44162437319755554, 1.8288713693618774
38, 20, 0.6060606241226196, 1.0791491270065308
38, 22, 0.25757575035095215, 2.1954774856567383
38, 0, 0.5685279369354248, 1.1917701959609985
38, 8, 0.10101009905338287, 2.893115758895874
38, 14, 0.39593908190727234, 2.2838165760040283
38, 15, 0.7070707082748413, 0.9464566111564636
38, 12, 0.42424243688583374, 2.0655784606933594
38, 18, 0.4343434274196625, 1.5117807388305664
38, 11, 0.7614213228225708, 1.0069167613983154
39, 10, 0.5075376629829407, 1.214379906654358
39, 3, 0.6363636255264282, 1.2925156354904175
39, 1, 0.5380710363388062, 1.3126308917999268
39, 11, 0.7309644818305969, 1.1567801237106323
39, 12, 0.3737373650074005, 2.2885735034942627
39, 8, 0.21212121844291687, 2.2144358158111572
39, 21, 0.5050504803657532, 1.6054723262786865
39, 18, 0.5303030014038086, 1.2412605285644531
39, 28, 0.7070707082748413, 2.7934410572052
39, 14, 0.4822334945201874, 1.778695821762085
39, 20, 0.7020202279090881, 0.8220296502113342
39, 19, 0.6565656661987305, 1.3043550252914429
39, 6, 0.27272728085517883, 2.0850396156311035
39, 27, 0.4141414165496826, 2.0184710025787354
39, 23, 0.6111111044883728, 1.1640307903289795
39, 9, 0.5025125741958618, 1.3260390758514404
39, 17, 0.5858585834503174, 1.201228380203247
39, 22, 0.21717171370983124, 2.6825053691864014
39, 16, 0.5, 1.2774498462677002
39, 7, 0.9597989916801453, 0.14775077998638153
39, 0, 0.005076142027974129, 3.2268192768096924
39, 15, 0.8383838534355164, 0.4823807179927826
39, 2, 0.808080792427063, 0.7949973344802856
39, 13, 0.06598984450101852, 3.0523648262023926
39, 24, 0.43939393758773804, 1.9486080408096313
39, 5, 0.5329949259757996, 1.3192180395126343
39, 25, 0.43216079473495483, 1.3212498426437378
39, 26, 0.2222222238779068, 4.911213397979736
39, 4, 0.747474730014801, 0.8630923628807068
39, 29, 0.5, 1.5722172260284424
40, 18, 0.42424243688583374, 1.6287875175476074
40, 28, 0.7020202279090881, 2.9116344451904297
40, 12, 0.4040403962135315, 2.1678454875946045
40, 21, 0.7171717286109924, 1.0833383798599243
40, 5, 0.39593908190727234, 1.933577299118042
40, 4, 0.7929292917251587, 0.868829071521759
40, 9, 0.4673366844654083, 1.5678825378417969
40, 25, 0.1909547746181488, 2.1239376068115234
40, 17, 0.5404040217399597, 1.3544114828109741
40, 13, 0.29441624879837036, 2.202427387237549
40, 22, 0.2777777910232544, 2.2614293098449707
40, 11, 0.7411167621612549, 1.2064908742904663
40, 20, 0.6363636255264282, 1.0746005773544312
40, 1, 0.42131978273391724, 1.833966851234436
40, 3, 0.29797980189323425, 2.4751033782958984
40, 19, 0.5757575631141663, 1.666160225868225
40, 14, 0.4263959527015686, 2.225100517272949
40, 24, 0.4343434274196625, 2.064021587371826
40, 23, 0.6262626051902771, 1.2077873945236206
40, 26, 0.3888888955116272, 3.0566272735595703
40, 2, 0.8181818127632141, 0.7640823125839233
40, 16, 0.5454545617103577, 1.1708872318267822
40, 15, 0.5858585834503174, 1.2378071546554565
40, 7, 0.9648241400718689, 0.15486745536327362
40, 6, 0.35353535413742065, 1.9018663167953491
40, 10, 0.37185928225517273, 1.3429392576217651
40, 27, 0.469696968793869, 1.9531641006469727
40, 0, 0.4314720928668976, 1.2617326974868774
40, 29, 0.5101010203361511, 1.9001450538635254
40, 8, 0.17171716690063477, 2.2246413230895996
41, 6, 0.2373737394809723, 2.3657689094543457
41, 24, 0.46464645862579346, 2.0215682983398438
41, 7, 0.9547738432884216, 0.16682913899421692
41, 13, 0.09137056022882462, 3.032503604888916
41, 23, 0.6111111044883728, 1.1942658424377441
41, 3, 0.5707070827484131, 1.5223363637924194
41, 21, 0.5858585834503174, 1.4842140674591064
41, 9, 0.4673366844654083, 1.5752031803131104
41, 20, 0.7222222089767456, 0.7506814002990723
41, 18, 0.5454545617103577, 1.2335567474365234
41, 11, 0.7157360315322876, 1.1491261720657349
41, 12, 0.3636363744735718, 2.2578485012054443
41, 4, 0.7626262903213501, 0.8388843536376953
41, 8, 0.18686868250370026, 2.3224737644195557
41, 0, 0.005076142027974129, 3.569356679916382
41, 29, 0.49494948983192444, 2.0022213459014893
41, 10, 0.5125628113746643, 1.1824992895126343
41, 2, 0.8535353541374207, 0.7219064831733704
41, 26, 0.21212121844291687, 4.8756890296936035
41, 27, 0.3737373650074005, 2.2081379890441895
41, 5, 0.5329949259757996, 1.4318125247955322
41, 14, 0.5025380849838257, 1.7300409078598022
41, 28, 0.747474730014801, 4.163020133972168
41, 22, 0.28282827138900757, 2.508822441101074
41, 25, 0.5879396796226501, 1.0615792274475098
41, 17, 0.5808081030845642, 1.2118536233901978
41, 1, 0.5228426456451416, 1.547706127166748
41, 15, 0.8232323527336121, 0.4900977909564972
41, 19, 0.6363636255264282, 1.4728260040283203
41, 16, 0.5050504803657532, 1.3600494861602783
42, 17, 0.6616161465644836, 1.1373285055160522
42, 29, 0.4848484992980957, 1.991706132888794
42, 19, 0.6111111044883728, 1.7611724138259888
42, 23, 0.6414141654968262, 1.1052513122558594
42, 8, 0.1818181872367859, 2.08430552482605
42, 7, 0.9497487545013428, 0.18016809225082397
42, 10, 0.2713567912578583, 1.4601579904556274
42, 3, 0.3181818127632141, 2.6675310134887695
42, 14, 0.3807106614112854, 2.1157586574554443
42, 1, 0.4517766535282135, 1.741175651550293
42, 11, 0.7461928725242615, 1.2547383308410645
42, 6, 0.3888888955116272, 1.9244822263717651
42, 13, 0.0964467003941536, 2.900618553161621
42, 12, 0.3737373650074005, 2.105884552001953
42, 21, 0.6565656661987305, 1.195845603942871
42, 2, 0.8232323527336121, 0.7986649870872498
42, 5, 0.4720812141895294, 1.9058743715286255
42, 16, 0.5404040217399597, 1.1455646753311157
42, 0, 0.5279187560081482, 1.141594648361206
42, 25, 0.11055276542901993, 2.6701390743255615
42, 20, 0.6060606241226196, 1.0227077007293701
42, 18, 0.4191919267177582, 1.5745755434036255
42, 27, 0.42424243688583374, 2.1406593322753906
42, 24, 0.43939393758773804, 2.0327110290527344
42, 15, 0.6565656661987305, 1.0684605836868286
42, 26, 0.38383838534355164, 3.647822618484497
42, 4, 0.7272727489471436, 0.9422264695167542
42, 9, 0.5175879597663879, 1.481028437614441
42, 22, 0.22727273404598236, 2.3043596744537354
42, 28, 0.7121211886405945, 3.411388874053955
43, 28, 0.631313145160675, 4.144606590270996
43, 14, 0.5177664756774902, 1.6738014221191406
43, 24, 0.4747474789619446, 1.952762484550476
43, 9, 0.48241207003593445, 1.6308079957962036
43, 7, 0.9497487545013428, 0.18547983467578888
43, 15, 0.7929292917251587, 0.5901467204093933
43, 10, 0.6331658363342285, 0.9932859539985657
43, 16, 0.5252525210380554, 1.3339475393295288
43, 19, 0.6212121248245239, 1.8187059164047241
43, 3, 0.6111111044883728, 1.3092442750930786
43, 5, 0.5786802172660828, 1.2611396312713623
43, 2, 0.7929292917251587, 0.8473547697067261
43, 1, 0.5736040472984314, 1.6730211973190308
43, 12, 0.4545454680919647, 1.8278748989105225
43, 29, 0.5, 2.086747407913208
43, 22, 0.21212121844291687, 3.1561176776885986
43, 25, 0.5778894424438477, 1.052418828010559
43, 21, 0.6464646458625793, 1.4493095874786377
43, 17, 0.5909090638160706, 1.1662001609802246
43, 27, 0.4191919267177582, 1.91740882396698
43, 23, 0.6565656661987305, 1.0471360683441162
43, 18, 0.4898989796638489, 1.4051786661148071
43, 20, 0.7626262903213501, 0.7019525170326233
43, 8, 0.12121212482452393, 2.965810775756836
43, 11, 0.7309644818305969, 1.2629978656768799
43, 4, 0.7777777910232544, 0.8708453178405762
43, 6, 0.16161616146564484, 2.7154979705810547
43, 13, 0.07614213228225708, 3.7002885341644287
43, 0, 0.005076142027974129, 3.998857021331787
43, 26, 0.24242424964904785, 5.062065601348877
44, 11, 0.7258883118629456, 1.3281991481781006
44, 18, 0.39393940567970276, 1.77849280834198
44, 21, 0.5555555820465088, 1.6661376953125
44, 17, 0.5404040217399597, 1.3105543851852417
44, 27, 0.43939393758773804, 2.1671276092529297
44, 20, 0.631313145160675, 0.9819262027740479
44, 25, 0.14070351421833038, 2.691494941711426
44, 22, 0.23232322931289673, 2.4706902503967285
44, 3, 0.28282827138900757, 3.346416711807251
44, 0, 0.5939086079597473, 1.1452176570892334
44, 6, 0.3232323229312897, 2.2933919429779053
44, 16, 0.5808081030845642, 1.1453144550323486
44, 13, 0.3096446692943573, 2.043729782104492
44, 2, 0.808080792427063, 0.824550449848175
44, 9, 0.5025125741958618, 1.5291651487350464
44, 23, 0.5757575631141663, 1.3447890281677246
44, 12, 0.3787878751754761, 2.07553768157959
44, 26, 0.4141414165496826, 4.143489837646484
44, 1, 0.5279187560081482, 1.5333034992218018
44, 10, 0.2261306494474411, 1.6385782957077026
44, 4, 0.7272727489471436, 1.003494381904602
44, 29, 0.5202020406723022, 2.1404008865356445
44, 15, 0.7020202279090881, 0.9008864760398865
44, 24, 0.38383838534355164, 2.2788257598876953
44, 5, 0.4314720928668976, 1.833121657371521
44, 8, 0.15656565129756927, 2.219249963760376
44, 19, 0.5959596037864685, 1.9310829639434814
44, 28, 0.7121211886405945, 3.925658941268921
44, 7, 0.9547738432884216, 0.14155927300453186
44, 14, 0.4974619150161743, 1.7558293342590332
45, 1, 0.5126903653144836, 1.898311972618103
45, 18, 0.49494948983192444, 1.5591435432434082
45, 24, 0.4595959484577179, 2.0525765419006348
45, 22, 0.29797980189323425, 2.427144765853882
45, 15, 0.752525269985199, 0.7009261250495911
45, 21, 0.6464646458625793, 1.345676302909851
45, 20, 0.691919207572937, 0.8525578379631042
45, 3, 0.5353535413742065, 1.58107590675354
45, 12, 0.46464645862579346, 1.8858636617660522
45, 14, 0.4720812141895294, 1.885106086730957
45, 4, 0.7323232293128967, 0.9526029825210571
45, 13, 0.030456852167844772, 3.49857234954834
45, 17, 0.6262626051902771, 1.069443702697754
45, 23, 0.6969696879386902, 1.0442122220993042
45, 28, 0.7272727489471436, 3.8747823238372803
45, 2, 0.7777777910232544, 0.9416853785514832
45, 0, 0.005076142027974129, 3.290074110031128
45, 26, 0.21212121844291687, 4.92374324798584
45, 27, 0.3888888955116272, 2.349630117416382
45, 7, 0.9396985173225403, 0.18212562799453735
45, 16, 0.5, 1.5357755422592163
45, 9, 0.5226130485534668, 1.4786180257797241
45, 29, 0.49494948983192444, 2.2381505966186523
45, 19, 0.6363636255264282, 1.8641711473464966
45, 5, 0.4720812141895294, 1.5659468173980713
45, 6, 0.28282827138900757, 2.202166795730591
45, 25, 0.713567852973938, 0.7035980820655823
45, 10, 0.6482412219047546, 0.9394575953483582
45, 8, 0.13131313025951385, 3.103663206100464
45, 11, 0.6802030205726624, 1.3958879709243774
46, 21, 0.6868686676025391, 1.2540841102600098
46, 4, 0.7222222089767456, 1.074500560760498
46, 24, 0.3787878751754761, 2.575580596923828
46, 6, 0.25757575035095215, 2.252591133117676
46, 23, 0.5555555820465088, 1.4456214904785156
46, 2, 0.8181818127632141, 0.9538910388946533
46, 28, 0.7121211886405945, 4.2247538566589355
46, 20, 0.6161616444587708, 1.0447968244552612
46, 15, 0.7171717286109924, 1.0118573904037476
46, 13, 0.20812182128429413, 2.4358696937561035
46, 8, 0.1818181872367859, 2.290290355682373
46, 29, 0.5050504803657532, 2.451204299926758
46, 12, 0.36868685483932495, 2.646719217300415
46, 14, 0.48730963468551636, 1.9742369651794434
46, 5, 0.4263959527015686, 1.9547795057296753
46, 26, 0.34343433380126953, 4.088503837585449
46, 27, 0.4292929172515869, 2.118042469024658
46, 3, 0.34343433380126953, 2.4005870819091797
46, 11, 0.710659921169281, 1.3833869695663452
46, 1, 0.4568527936935425, 1.8078862428665161
46, 19, 0.6767676472663879, 1.7429509162902832
46, 0, 0.46192893385887146, 1.2146977186203003
46, 22, 0.3080808222293854, 2.5238077640533447
46, 9, 0.48241207003593445, 1.7185096740722656
46, 7, 0.9648241400718689, 0.1245047003030777
46, 17, 0.5202020406723022, 1.3603426218032837
46, 18, 0.4444444477558136, 1.694624423980713
46, 10, 0.31658291816711426, 1.4953917264938354
46, 25, 0.14070351421833038, 2.831115484237671
46, 16, 0.5454545617103577, 1.3000597953796387
47, 10, 0.6080402135848999, 0.9905228614807129
47, 8, 0.14141413569450378, 2.7109858989715576
47, 0, 0.005076142027974129, 3.7684450149536133
47, 1, 0.4467005133628845, 1.9439010620117188
47, 24, 0.4898989796638489, 2.0822513103485107
47, 5, 0.5329949259757996, 1.5070773363113403
47, 4, 0.7121211886405945, 1.0789635181427002
47, 11, 0.7258883118629456, 1.2824491262435913
47, 18, 0.5, 1.6399840116500854
47, 16, 0.5303030014038086, 1.2529171705245972
47, 17, 0.6060606241226196, 1.1798328161239624
47, 3, 0.5707070827484131, 1.7424057722091675
47, 9, 0.5226130485534668, 1.494152545928955
47, 15, 0.7929292917251587, 0.556404173374176
47, 13, 0.07614213228225708, 3.387932062149048
47, 7, 0.9246231317520142, 0.1970912367105484
47, 6, 0.2626262605190277, 2.5852506160736084
47, 19, 0.6111111044883728, 2.4777004718780518
47, 23, 0.691919207572937, 1.038316249847412
47, 29, 0.5101010203361511, 2.709977626800537
47, 12, 0.44949495792388916, 1.8751109838485718
47, 21, 0.5959596037864685, 1.5017783641815186
47, 25, 0.5226130485534668, 1.082685112953186
47, 28, 0.6868686676025391, 3.9383606910705566
47, 2, 0.8383838534355164, 0.9696080088615417
47, 26, 0.3080808222293854, 4.8598408699035645
47, 20, 0.6212121248245239, 1.0470311641693115
47, 27, 0.38383838534355164, 2.3849825859069824
47, 14, 0.44162437319755554, 2.0634541511535645
47, 22, 0.28282827138900757, 3.1849210262298584
48, 20, 0.6969696879386902, 0.8822983503341675
48, 12, 0.33838382363319397, 2.7556254863739014
48, 8, 0.1515151560306549, 2.4033257961273193
48, 4, 0.7575757503509521, 1.066023349761963
48, 13, 0.16243654489517212, 2.8262925148010254
48, 26, 0.31313130259513855, 4.591878414154053
48, 3, 0.4848484992980957, 2.106621265411377
48, 18, 0.44949495792388916, 1.8371349573135376
48, 29, 0.5252525210380554, 2.364938735961914
48, 16, 0.5353535413742065, 1.3458048105239868
48, 6, 0.22727273404598236, 2.497467041015625
48, 17, 0.5858585834503174, 1.2473399639129639
48, 11, 0.7563451528549194, 1.4135740995407104
48, 27, 0.469696968793869, 2.3352959156036377
48, 2, 0.8282828330993652, 1.0440726280212402
48, 23, 0.5808081030845642, 1.469690203666687
48, 15, 0.691919207572937, 0.9545497894287109
48, 25, 0.2261306494474411, 2.378817081451416
48, 24, 0.39393940567970276, 2.4928481578826904
48, 14, 0.41624364256858826, 2.4426822662353516
48, 7, 0.9648241400718689, 0.13639293611049652
48, 10, 0.30150753259658813, 1.535416603088379
48, 22, 0.2626262605190277, 2.8264524936676025
48, 28, 0.6717171669006348, 4.9623541831970215
48, 21, 0.6515151262283325, 1.4293487071990967
48, 5, 0.3756345212459564, 2.1843132972717285
48, 19, 0.631313145160675, 2.1949071884155273
48, 9, 0.5025125741958618, 1.730417013168335
48, 1, 0.5786802172660828, 1.4760416746139526
48, 0, 0.4822334945201874, 1.2157506942749023
49, 29, 0.5101010203361511, 2.774207592010498
49, 7, 0.9497487545013428, 0.16893506050109863
49, 12, 0.5303030014038086, 1.7236260175704956
49, 25, 0.5125628113746643, 1.2064611911773682
49, 0, 0.015228426083922386, 3.8397774696350098
49, 10, 0.5879396796226501, 1.0213439464569092
49, 23, 0.6212121248245239, 1.2561956644058228
49, 22, 0.3232323229312897, 2.9728622436523438
49, 3, 0.5757575631141663, 1.6521461009979248
49, 19, 0.6363636255264282, 2.052616596221924
49, 6, 0.3484848439693451, 2.259894847869873
49, 21, 0.6363636255264282, 1.5611681938171387
49, 27, 0.39393940567970276, 2.3934192657470703
49, 26, 0.2525252401828766, 4.640267372131348
49, 5, 0.5279187560081482, 1.5790835618972778
49, 24, 0.4545454680919647, 2.2203080654144287
49, 14, 0.5482233762741089, 1.832911491394043
49, 8, 0.2070707082748413, 2.5557239055633545
49, 2, 0.8333333134651184, 1.0230543613433838
49, 17, 0.6010100841522217, 1.2452974319458008
49, 9, 0.48241207003593445, 1.9229941368103027
49, 1, 0.41624364256858826, 2.3737475872039795
49, 4, 0.7626262903213501, 1.0125077962875366
49, 13, 0.08629441261291504, 3.5005030632019043
49, 20, 0.7171717286109924, 0.880637526512146
49, 28, 0.747474730014801, 4.276150703430176
49, 18, 0.5505050420761108, 1.4241619110107422
49, 16, 0.5303030014038086, 1.2808572053909302
49, 15, 0.7878788113594055, 0.6746191382408142
49, 11, 0.710659921169281, 1.4105805158615112
50, 10, 0.32663315534591675, 1.491963267326355
50, 24, 0.3787878751754761, 2.695199966430664
50, 29, 0.5, 2.669909954071045
50, 27, 0.4595959484577179, 2.5218350887298584
50, 8, 0.15656565129756927, 2.6519646644592285
50, 3, 0.469696968793869, 2.2506442070007324
50, 9, 0.5175879597663879, 2.09368896484375
50, 6, 0.3181818127632141, 2.449901580810547
50, 28, 0.7020202279090881, 4.781730651855469
50, 19, 0.6464646458625793, 2.084257125854492
50, 2, 0.7979797720909119, 1.002009391784668
50, 0, 0.4314720928668976, 1.245222806930542
50, 11, 0.7157360315322876, 1.653040885925293
50, 17, 0.6060606241226196, 1.1806180477142334
50, 18, 0.3333333432674408, 2.36002254486084
50, 25, 0.34170854091644287, 1.882088541984558
50, 7, 0.9497487545013428, 0.13558949530124664
50, 12, 0.4141414165496826, 2.248115062713623
50, 22, 0.2222222238779068, 2.9572818279266357
50, 15, 0.6212121248245239, 1.204021692276001
50, 23, 0.631313145160675, 1.3524301052093506
50, 14, 0.5177664756774902, 1.8454924821853638
50, 26, 0.3181818127632141, 4.4590301513671875
50, 5, 0.4720812141895294, 1.7303597927093506
50, 21, 0.5909090638160706, 1.61002516746521
50, 4, 0.7727272510528564, 1.194973349571228
50, 20, 0.7070707082748413, 0.8625653386116028
50, 13, 0.15736040472984314, 2.909153699874878
50, 16, 0.5202020406723022, 1.3623511791229248
50, 1, 0.5685279369354248, 1.6464495658874512
