1, 23, 0.3080808222293854, 2.246105909347534
1, 29, 0.3181818127632141, 2.28259015083313
1, 7, 0.402010053396225, 2.238762140274048
1, 21, 0.005050505045801401, 2.3676505088806152
1, 8, 0.4444444477558136, 2.238663673400879
1, 19, 0.34343433380126953, 2.3040943145751953
1, 25, 0.015075377188622952, 2.3140554428100586
1, 6, 0.49494948983192444, 2.26590633392334
1, 14, 0.2842639684677124, 2.310129404067993
1, 28, 0.07070706784725189, 2.295884609222412
1, 15, 0.010101010091602802, 2.3094260692596436
1, 5, 0.12182740867137909, 2.3031415939331055
1, 17, 0.06565656512975693, 2.291254758834839
1, 12, 0.3030303120613098, 2.287825107574463
1, 10, 0.6381909251213074, 2.239637613296509
1, 24, 0.13131313025951385, 2.286835193634033
1, 2, 0.5353535413742065, 2.2391176223754883
1, 26, 0.02525252476334572, 2.312485456466675
1, 18, 0.0, 2.28725004196167
1, 3, 0.5707070827484131, 2.2379376888275146
1, 4, 0.06060606241226196, 2.2700014114379883
1, 27, 0.09090909361839294, 2.2969398498535156
1, 1, 0.0, 2.357079267501831
1, 11, 0.04060913622379303, 2.3525609970092773
1, 22, 0.14141413569450378, 2.2823920249938965
1, 20, 0.5505050420761108, 2.237617015838623
1, 0, 0.2893401086330414, 2.2507224082946777
1, 16, 0.5505050420761108, 2.2392265796661377
1, 13, 0.010152284055948257, 2.2813687324523926
1, 9, 0.4522612988948822, 2.258206367492676
2, 4, 0.05050504952669144, 2.2587859630584717
2, 20, 0.7979797720909119, 2.1274383068084717
2, 29, 0.39898988604545593, 2.2213597297668457
2, 5, 0.21827411651611328, 2.2776739597320557
2, 8, 0.5404040217399597, 2.1303491592407227
2, 15, 0.01515151560306549, 2.3607373237609863
2, 13, 0.025380710139870644, 2.201805591583252
2, 22, 0.1818181872367859, 2.2480716705322266
2, 26, 0.005050505045801401, 2.337951183319092
2, 14, 0.4060913622379303, 2.268343448638916
2, 12, 0.4545454680919647, 2.2246334552764893
2, 3, 0.808080792427063, 2.1385715007781982
2, 6, 0.7020202279090881, 2.185326099395752
2, 18, 0.0, 2.288891553878784
2, 16, 0.747474730014801, 2.1331310272216797
2, 23, 0.31313130259513855, 2.239104747772217
2, 24, 0.08080808073282242, 2.2985730171203613
2, 28, 0.02525252476334572, 2.331580638885498
2, 19, 0.5151515007019043, 2.2576510906219482
2, 1, 0.0, 2.378063201904297
2, 2, 0.7727272510528564, 2.1366989612579346
2, 27, 0.0555555559694767, 2.2785398960113525
2, 0, 0.0, 2.3538811206817627
2, 9, 0.6683416962623596, 2.1772587299346924
2, 17, 0.07575757801532745, 2.314918041229248
2, 25, 0.02010050229728222, 2.3828718662261963
2, 21, 0.0, 2.4010846614837646
2, 7, 0.5628140568733215, 2.1318202018737793
2, 10, 0.8291457295417786, 2.133744478225708
2, 11, 0.0, 2.3892621994018555
3, 26, 0.03030303120613098, 2.2781500816345215
3, 9, 0.623115599155426, 2.1115736961364746
3, 0, 0.22335025668144226, 2.1183111667633057
3, 8, 0.4343434274196625, 2.0403125286102295
3, 22, 0.15656565129756927, 2.560957193374634
3, 2, 0.7222222089767456, 2.0596234798431396
3, 19, 0.4545454680919647, 2.280900478363037
3, 17, 0.07070706784725189, 2.1694672107696533
3, 20, 0.747474730014801, 2.0461997985839844
3, 1, 0.0, 2.3679697513580322
3, 3, 0.7323232293128967, 2.0649189949035645
3, 7, 0.47236180305480957, 2.036719560623169
3, 25, 0.02010050229728222, 2.243739128112793
3, 28, 0.03030303120613098, 2.2453904151916504
3, 24, 0.13636364042758942, 2.1475508213043213
3, 27, 0.07070706784725189, 2.221395254135132
3, 10, 0.7286432385444641, 2.0636348724365234
3, 11, 0.04060913622379303, 2.45173978805542
3, 21, 0.005050505045801401, 2.4998271465301514
3, 13, 0.0, 2.312774896621704
3, 23, 0.35353535413742065, 2.073096513748169
3, 14, 0.31979694962501526, 2.3137502670288086
3, 29, 0.36868685483932495, 2.1691908836364746
3, 16, 0.6111111044883728, 2.05456805229187
3, 6, 0.6363636255264282, 2.159843921661377
3, 15, 0.005050505045801401, 2.2544808387756348
3, 12, 0.4141414165496826, 2.2372663021087646
3, 18, 0.010101010091602802, 2.128324508666992
3, 4, 0.07070706784725189, 2.0759477615356445
3, 5, 0.16243654489517212, 2.27982759475708
4, 22, 0.1818181872367859, 2.5904390811920166
4, 19, 0.5404040217399597, 2.080761671066284
4, 23, 0.3232323229312897, 2.132133960723877
4, 6, 0.7070707082748413, 1.94953453540802
4, 29, 0.39898988604545593, 2.117311477661133
4, 18, 0.11616161465644836, 1.9493446350097656
4, 7, 0.6180904507637024, 1.891237497329712
4, 9, 0.7085427045822144, 1.9021369218826294
4, 2, 0.8030303120613098, 1.8839741945266724
4, 28, 0.005050505045801401, 2.3825125694274902
4, 12, 0.43939393758773804, 2.049180507659912
4, 4, 0.17676767706871033, 1.8396049737930298
4, 11, 0.020304568111896515, 2.2737061977386475
4, 25, 0.02010050229728222, 2.4170892238616943
4, 27, 0.04040404036641121, 2.3060994148254395
4, 10, 0.929648220539093, 1.855173110961914
4, 5, 0.25380709767341614, 2.0930213928222656
4, 13, 0.005076142027974129, 2.307190418243408
4, 16, 0.7626262903213501, 1.8865115642547607
4, 26, 0.03030303120613098, 2.3140671253204346
4, 0, 0.0, 2.3604516983032227
4, 24, 0.14646464586257935, 2.099539041519165
4, 8, 0.5707070827484131, 1.894080400466919
4, 1, 0.020304568111896515, 2.318251132965088
4, 21, 0.0, 2.3295810222625732
4, 15, 0.005050505045801401, 2.41080641746521
4, 20, 0.8282828330993652, 1.8545715808868408
4, 17, 0.11616161465644836, 2.1335294246673584
4, 14, 0.4060913622379303, 2.1065938472747803
4, 3, 0.8181818127632141, 1.8972599506378174
5, 22, 0.17171716690063477, 2.7257046699523926
5, 15, 0.005050505045801401, 2.3560938835144043
5, 18, 0.07070706784725189, 1.9665347337722778
5, 24, 0.17171716690063477, 2.0360352993011475
5, 13, 0.0, 2.387890100479126
5, 12, 0.4141414165496826, 2.1069529056549072
5, 10, 0.8241205811500549, 1.8578448295593262
5, 5, 0.2893401086330414, 2.084873914718628
5, 27, 0.04545454680919647, 2.2912914752960205
5, 9, 0.623115599155426, 1.8971248865127563
5, 1, 0.015228426083922386, 2.387176990509033
5, 26, 0.02525252476334572, 2.3076629638671875
5, 0, 0.0, 2.1725692749023438
5, 6, 0.6464646458625793, 1.9613984823226929
5, 4, 0.1262626200914383, 1.8527978658676147
5, 21, 0.0, 2.449082851409912
5, 16, 0.8232323527336121, 1.788249135017395
5, 11, 0.020304568111896515, 2.1849846839904785
5, 17, 0.11616161465644836, 2.1013591289520264
5, 29, 0.36868685483932495, 2.136232852935791
5, 25, 0.02010050229728222, 2.345468759536743
5, 3, 0.7828282713890076, 1.8498581647872925
5, 14, 0.4314720928668976, 2.0618417263031006
5, 8, 0.7323232293128967, 1.7049686908721924
5, 23, 0.40909090638160706, 1.941200613975525
5, 19, 0.47979798913002014, 2.046022415161133
5, 7, 0.7638190984725952, 1.6872425079345703
5, 20, 0.752525269985199, 1.82673978805542
5, 2, 0.7121211886405945, 1.8720455169677734
5, 28, 0.01515151560306549, 2.323026657104492
6, 21, 0.0, 2.6288559436798096
6, 5, 0.29949238896369934, 1.7460041046142578
6, 24, 0.12121212482452393, 2.01252818107605
6, 3, 0.7777777910232544, 1.5184255838394165
6, 18, 0.8131313323974609, 1.4532347917556763
6, 12, 0.3888888955116272, 1.8855321407318115
6, 13, 0.8223350048065186, 1.663041353225708
6, 29, 0.0, 2.3248634338378906
6, 16, 0.7777777910232544, 1.3917489051818848
6, 25, 0.0, 2.315964460372925
6, 17, 0.07575757801532745, 2.25724196434021
6, 6, 0.6161616444587708, 1.705580472946167
6, 27, 0.05050504952669144, 2.371756076812744
6, 15, 0.0, 3.4916772842407227
6, 11, 0.6751269102096558, 1.549562692642212
6, 23, 0.4292929172515869, 1.7599225044250488
6, 7, 0.9748743772506714, 0.4366294741630554
6, 1, 0.0, 2.2330381870269775
6, 2, 0.8989899158477783, 0.6506453156471252
6, 10, 0.9547738432884216, 0.4720263183116913
6, 22, 0.0, 1.9758989810943604
6, 19, 0.44949495792388916, 1.9249939918518066
6, 28, 0.020202020183205605, 2.642138957977295
6, 26, 0.2626262605190277, 2.1777398586273193
6, 9, 0.0, 1.9212688207626343
6, 4, 0.8484848737716675, 1.1935354471206665
6, 14, 0.44162437319755554, 1.8989590406417847
6, 0, 0.030456852167844772, 1.4300532341003418
6, 20, 0.691919207572937, 1.5268242359161377
6, 8, 0.9040403962135315, 0.540874183177948
7, 10, 0.9547738432884216, 0.7890070676803589
7, 16, 0.747474730014801, 1.342475175857544
7, 13, 0.0, 2.0197296142578125
7, 25, 0.2512562870979309, 1.730951189994812
7, 24, 0.1262626200914383, 2.007894277572632
7, 28, 0.02525252476334572, 2.6534171104431152
7, 22, 0.18686868250370026, 1.8538070917129517
7, 0, 0.9187816977500916, 1.6802924871444702
7, 14, 0.4111675024032593, 1.8488452434539795
7, 27, 0.05050504952669144, 2.387472152709961
7, 19, 0.3737373650074005, 1.9317998886108398
7, 5, 0.3350253701210022, 1.6766809225082397
7, 2, 0.8989899158477783, 0.8742645978927612
7, 23, 0.4595959484577179, 1.6069940328598022
7, 20, 0.6363636255264282, 1.5707073211669922
7, 9, 0.733668327331543, 1.7573182582855225
7, 29, 0.04545454680919647, 1.967124104499817
7, 4, 0.08585858345031738, 1.782667875289917
7, 1, 0.0, 2.2827274799346924
7, 3, 0.6868686676025391, 1.5059115886688232
7, 8, 0.8888888955116272, 1.1300220489501953
7, 12, 0.3333333432674408, 1.9341976642608643
7, 17, 0.0555555559694767, 2.32161545753479
7, 18, 0.020202020183205605, 1.8767043352127075
7, 21, 0.0, 2.1250357627868652
7, 11, 0.7258883118629456, 1.3361701965332031
7, 26, 0.2626262605190277, 2.128737449645996
7, 6, 0.5353535413742065, 1.7470591068267822
7, 7, 0.9447236061096191, 1.0951646566390991
7, 15, 0.04545454680919647, 2.1308696269989014
8, 20, 0.752525269985199, 1.4757243394851685
8, 10, 0.9547738432884216, 0.5420131087303162
8, 27, 0.05050504952669144, 2.317457914352417
8, 9, 0.1557788997888565, 1.7688742876052856
8, 18, 0.8131313323974609, 1.220292568206787
8, 11, 0.710659921169281, 1.230504035949707
8, 22, 0.020202020183205605, 1.9417381286621094
8, 12, 0.39898988604545593, 1.7658413648605347
8, 15, 0.03030303120613098, 2.8106563091278076
8, 19, 0.4747474789619446, 1.797088623046875
8, 14, 0.46192893385887146, 1.7432539463043213
8, 29, 0.0, 2.1677439212799072
8, 17, 0.08080808073282242, 2.2754361629486084
8, 7, 0.9648241400718689, 0.4736420214176178
8, 28, 0.020202020183205605, 2.6250691413879395
8, 13, 0.11675126850605011, 1.887483835220337
8, 16, 0.808080792427063, 1.3628368377685547
8, 2, 0.8989899158477783, 0.6461520791053772
8, 1, 0.0, 2.1612749099731445
8, 5, 0.31979694962501526, 1.6116633415222168
8, 26, 0.25757575035095215, 2.077148914337158
8, 6, 0.6515151262283325, 1.6053415536880493
8, 21, 0.0, 2.518510580062866
8, 8, 0.9141414165496826, 0.562993586063385
8, 23, 0.43939393758773804, 1.734788417816162
8, 25, 0.10050251334905624, 2.227536678314209
8, 4, 0.8535353541374207, 1.0529913902282715
8, 0, 0.0, 1.7429450750350952
8, 3, 0.7777777910232544, 1.4436269998550415
8, 24, 0.1262626200914383, 2.005845546722412
9, 28, 0.02525252476334572, 2.6584770679473877
9, 7, 0.9447236061096191, 0.9430062174797058
9, 17, 0.08080808073282242, 2.2908408641815186
9, 15, 0.010101010091602802, 1.8980681896209717
9, 5, 0.3553299605846405, 1.4693330526351929
9, 13, 0.10659898817539215, 2.0578014850616455
9, 9, 0.16080401837825775, 1.894379734992981
9, 1, 0.0, 2.152898073196411
9, 18, 0.0, 1.8899450302124023
9, 16, 0.7575757503509521, 1.3330541849136353
9, 3, 0.7171717286109924, 1.526294231414795
9, 8, 0.8787878751754761, 0.9999263882637024
9, 12, 0.34343433380126953, 1.8324949741363525
9, 6, 0.5353535413742065, 1.7383266687393188
9, 23, 0.4747474789619446, 1.629860758781433
9, 2, 0.8989899158477783, 0.5796655416488647
9, 4, 0.08080808073282242, 1.7508686780929565
9, 20, 0.6565656661987305, 1.6018767356872559
9, 11, 0.710659921169281, 1.1550970077514648
9, 10, 0.9547738432884216, 0.45159727334976196
9, 21, 0.0, 2.170408248901367
9, 19, 0.3787878751754761, 1.9209240674972534
9, 0, 0.9340101480484009, 1.333001971244812
9, 29, 0.04040404036641121, 1.9204857349395752
9, 22, 0.7121211886405945, 1.6469953060150146
9, 25, 0.11055276542901993, 1.8628817796707153
9, 27, 0.05050504952669144, 2.328166961669922
9, 14, 0.43654823303222656, 1.767410159111023
9, 24, 0.13131313025951385, 1.9762110710144043
9, 26, 0.25757575035095215, 2.168109655380249
10, 28, 0.02525252476334572, 2.5418951511383057
10, 4, 0.8484848737716675, 1.1612752676010132
10, 5, 0.3401015102863312, 1.5854130983352661
10, 7, 0.9547738432884216, 0.5143840312957764
10, 0, 0.07614213228225708, 1.8375242948532104
10, 22, 0.1515151560306549, 1.9737160205841064
10, 19, 0.5101010203361511, 1.6630007028579712
10, 18, 0.808080792427063, 1.3119479417800903
10, 25, 0.5929648280143738, 1.6876507997512817
10, 24, 0.13131313025951385, 1.975366473197937
10, 6, 0.631313145160675, 1.5384851694107056
10, 9, 0.402010053396225, 1.7322605848312378
10, 11, 0.7055837512016296, 1.0937715768814087
10, 20, 0.747474730014801, 1.426947832107544
10, 8, 0.8939393758773804, 0.589601457118988
10, 26, 0.26767677068710327, 2.1865453720092773
10, 12, 0.38383838534355164, 1.7244021892547607
10, 23, 0.469696968793869, 1.7738726139068604
10, 15, 0.04040404036641121, 2.4972541332244873
10, 16, 0.8181818127632141, 1.35260808467865
10, 14, 0.5228426456451416, 1.5834683179855347
10, 3, 0.7828282713890076, 1.4192041158676147
10, 2, 0.8989899158477783, 0.5129492878913879
10, 29, 0.005050505045801401, 2.0162434577941895
10, 27, 0.05050504952669144, 2.335103750228882
10, 17, 0.07575757801532745, 2.210984706878662
10, 21, 0.0, 2.3192665576934814
10, 1, 0.015228426083922386, 2.1677632331848145
10, 10, 0.9547738432884216, 0.35809430480003357
10, 13, 0.0964467003941536, 1.9407933950424194
11, 11, 0.7817258834838867, 0.8617092370986938
11, 29, 0.04040404036641121, 1.9618741273880005
11, 16, 0.7979797720909119, 1.3656857013702393
11, 9, 0.22110553085803986, 1.9434499740600586
11, 26, 0.2626262605190277, 1.9669263362884521
11, 23, 0.4191919267177582, 1.8127989768981934
11, 17, 0.18686868250370026, 2.0275158882141113
11, 28, 0.01515151560306549, 2.4260470867156982
11, 4, 0.6868686676025391, 1.383774757385254
11, 24, 0.26767677068710327, 1.8689634799957275
11, 6, 0.6060606241226196, 1.5278674364089966
11, 27, 0.035353533923625946, 2.182408332824707
11, 7, 0.9246231317520142, 0.7107733488082886
11, 5, 0.42131978273391724, 1.5909408330917358
11, 2, 0.8989899158477783, 0.6184751987457275
11, 12, 0.4141414165496826, 1.690805435180664
11, 25, 0.49246230721473694, 1.7425551414489746
11, 15, 0.04040404036641121, 1.8535892963409424
11, 18, 0.6262626051902771, 1.5275204181671143
11, 22, 0.5404040217399597, 1.6873856782913208
11, 10, 0.9547738432884216, 0.4973318576812744
11, 20, 0.7272727489471436, 1.408193588256836
11, 0, 0.6446700692176819, 1.4827191829681396
11, 1, 0.05076142027974129, 2.1092605590820312
11, 14, 0.4771573543548584, 1.6435872316360474
11, 21, 0.0, 1.9871516227722168
11, 19, 0.5707070827484131, 1.6896038055419922
11, 3, 0.7575757503509521, 1.4398161172866821
11, 13, 0.08121827244758606, 2.0024819374084473
11, 8, 0.8787878751754761, 0.7951762676239014
12, 18, 0.6616161465644836, 1.4337904453277588
12, 22, 0.29797980189323425, 1.8597468137741089
12, 26, 0.2929292917251587, 1.9488345384597778
12, 0, 0.5989847779273987, 1.5072170495986938
12, 23, 0.4545454680919647, 1.6509596109390259
12, 16, 0.8131313323974609, 1.245984673500061
12, 9, 0.3668341636657715, 1.7256886959075928
12, 1, 0.020304568111896515, 2.0980284214019775
12, 29, 0.0555555559694767, 1.9505343437194824
12, 17, 0.10101009905338287, 2.1830966472625732
12, 15, 0.06565656512975693, 1.886552095413208
12, 28, 0.04040404036641121, 2.460878849029541
12, 12, 0.4040403962135315, 1.6206754446029663
12, 4, 0.7171717286109924, 1.3103289604187012
12, 2, 0.8989899158477783, 0.6367781758308411
12, 24, 0.19191919267177582, 1.9088233709335327
12, 13, 0.07614213228225708, 2.0100936889648438
12, 19, 0.5757575631141663, 1.6100164651870728
12, 10, 0.9547738432884216, 0.5622540712356567
12, 27, 0.05050504952669144, 2.179114580154419
12, 25, 0.5075376629829407, 1.6655941009521484
12, 3, 0.7676767706871033, 1.357974886894226
12, 20, 0.7373737096786499, 1.3529175519943237
12, 5, 0.37055838108062744, 1.4758321046829224
12, 7, 0.9396985173225403, 0.7405254244804382
12, 6, 0.6414141654968262, 1.4732965230941772
12, 14, 0.5634517669677734, 1.5122973918914795
12, 11, 0.7715736031532288, 0.8902980089187622
12, 8, 0.8888888955116272, 0.7898946404457092
12, 21, 0.0, 2.3212766647338867
13, 5, 0.4010152220726013, 1.522965431213379
13, 16, 0.808080792427063, 1.3045369386672974
13, 25, 0.5678392052650452, 1.6659969091415405
13, 4, 0.5959596037864685, 1.3132803440093994
13, 19, 0.5757575631141663, 1.5978060960769653
13, 2, 0.8989899158477783, 0.6022737622261047
13, 10, 0.9547738432884216, 0.4733065366744995
13, 29, 0.0555555559694767, 1.9323045015335083
13, 9, 0.2763819098472595, 1.6743848323822021
13, 14, 0.5380710363388062, 1.5225721597671509
13, 12, 0.4444444477558136, 1.619620442390442
13, 18, 0.5353535413742065, 1.4906727075576782
13, 20, 0.7424242496490479, 1.371925950050354
13, 24, 0.2373737394809723, 1.8553998470306396
13, 3, 0.7828282713890076, 1.3919068574905396
13, 7, 0.9447236061096191, 0.6445100903511047
13, 17, 0.1666666716337204, 2.0755372047424316
13, 8, 0.8939393758773804, 0.7306479811668396
13, 26, 0.24747474491596222, 1.8248379230499268
13, 15, 0.05050504952669144, 2.128920316696167
13, 6, 0.631313145160675, 1.4751014709472656
13, 1, 0.0964467003941536, 2.026625394821167
13, 27, 0.07070706784725189, 2.1323318481445312
13, 13, 0.08121827244758606, 1.9681496620178223
13, 11, 0.8375634551048279, 0.7867279052734375
13, 28, 0.035353533923625946, 2.380192995071411
13, 21, 0.005050505045801401, 2.3045265674591064
13, 23, 0.4141414165496826, 1.7047322988510132
13, 22, 0.4191919267177582, 1.666402816772461
13, 0, 0.7309644818305969, 1.3444292545318604
14, 7, 0.9045225977897644, 0.7770183086395264
14, 17, 0.07070706784725189, 2.259042739868164
14, 21, 0.005050505045801401, 2.2537362575531006
14, 9, 0.4673366844654083, 1.4545267820358276
14, 1, 0.015228426083922386, 2.164954423904419
14, 26, 0.2777777910232544, 2.233576536178589
14, 10, 0.9547738432884216, 0.5215851068496704
14, 16, 0.8333333134651184, 1.1250240802764893
14, 5, 0.34517765045166016, 1.571638822555542
14, 14, 0.6497461795806885, 1.2989085912704468
14, 8, 0.8787878751754761, 0.8110795617103577
14, 2, 0.8989899158477783, 0.6078063249588013
14, 0, 0.6395938992500305, 1.3926739692687988
14, 24, 0.14646464586257935, 1.9678102731704712
14, 18, 0.6767676472663879, 1.2748714685440063
14, 27, 0.05050504952669144, 2.2073962688446045
14, 4, 0.7828282713890076, 1.1169553995132446
14, 20, 0.808080792427063, 1.1631284952163696
14, 28, 0.04545454680919647, 2.442603588104248
14, 12, 0.4444444477558136, 1.5443826913833618
14, 15, 0.08080808073282242, 1.9195178747177124
14, 11, 0.7918781638145447, 0.7170652747154236
14, 25, 0.6030150651931763, 1.5199121236801147
14, 29, 0.07070706784725189, 1.9825735092163086
14, 23, 0.4444444477558136, 1.692903757095337
14, 22, 0.39898988604545593, 1.5963435173034668
14, 13, 0.08121827244758606, 1.9792755842208862
14, 6, 0.7020202279090881, 1.2749887704849243
14, 3, 0.808080792427063, 1.1908988952636719
14, 19, 0.6565656661987305, 1.3650918006896973
15, 25, 0.5979899764060974, 1.3276565074920654
15, 28, 0.06565656512975693, 2.3743433952331543
15, 16, 0.7070707082748413, 1.254064679145813
15, 6, 0.5101010203361511, 1.532622218132019
15, 11, 0.8477157354354858, 0.7356252670288086
15, 26, 0.2777777910232544, 1.9072626829147339
15, 20, 0.5959596037864685, 1.413467526435852
15, 5, 0.4720812141895294, 1.4550164937973022
15, 1, 0.07614213228225708, 2.0249862670898438
15, 27, 0.09595959633588791, 2.0627832412719727
15, 24, 0.3888888955116272, 1.7537695169448853
15, 29, 0.09595959633588791, 1.8451502323150635
15, 9, 0.286432147026062, 1.70430326461792
15, 10, 0.9547738432884216, 0.5689290761947632
15, 8, 0.9141414165496826, 0.7443196177482605
15, 23, 0.4545454680919647, 1.5513358116149902
15, 2, 0.8989899158477783, 0.6721354126930237
15, 7, 0.9698492288589478, 0.6305617690086365
15, 0, 0.6395938992500305, 1.4288634061813354
15, 14, 0.4771573543548584, 1.4849735498428345
15, 18, 0.631313145160675, 1.4028326272964478
15, 19, 0.469696968793869, 1.6015344858169556
15, 12, 0.3585858643054962, 1.6455618143081665
15, 22, 0.25757575035095215, 1.8981586694717407
15, 4, 0.6515151262283325, 1.2844523191452026
15, 21, 0.0, 1.8959625959396362
15, 13, 0.06598984450101852, 2.0008490085601807
15, 17, 0.2626262605190277, 2.1053552627563477
15, 15, 0.02525252476334572, 2.113708734512329
15, 3, 0.5858585834503174, 1.4129663705825806
16, 29, 0.05050504952669144, 1.939671516418457
16, 25, 0.5376884341239929, 1.4460742473602295
16, 16, 0.8434343338012695, 1.06215500831604
16, 14, 0.7055837512016296, 1.2180006504058838
16, 13, 0.07614213228225708, 1.8802416324615479
16, 3, 0.8383838534355164, 1.1414210796356201
16, 19, 0.7020202279090881, 1.2771316766738892
16, 10, 0.9547738432884216, 0.6181982755661011
16, 11, 0.8223350048065186, 0.6721172332763672
16, 7, 0.8844221234321594, 0.8038522005081177
16, 22, 0.3636363744735718, 1.8021349906921387
16, 15, 0.07575757801532745, 1.6200746297836304
16, 26, 0.2525252401828766, 2.131579875946045
16, 0, 0.7055837512016296, 1.29435133934021
16, 27, 0.06565656512975693, 2.1840550899505615
16, 1, 0.05076142027974129, 2.1171700954437256
16, 8, 0.8787878751754761, 0.8052675127983093
16, 23, 0.4292929172515869, 1.6359338760375977
16, 4, 0.6161616444587708, 1.2194101810455322
16, 28, 0.05050504952669144, 2.429068088531494
16, 17, 0.07575757801532745, 2.248603343963623
16, 24, 0.1515151560306549, 1.9115276336669922
16, 20, 0.8232323527336121, 1.1155070066452026
16, 18, 0.560606062412262, 1.3539528846740723
16, 6, 0.7272727489471436, 1.2233054637908936
16, 12, 0.44949495792388916, 1.5066397190093994
16, 9, 0.4773869216442108, 1.466536045074463
16, 5, 0.3350253701210022, 1.5552845001220703
16, 2, 0.8989899158477783, 0.6648921966552734
16, 21, 0.005050505045801401, 2.316659688949585
17, 14, 0.5177664756774902, 1.4177035093307495
17, 28, 0.07070706784725189, 2.318483591079712
17, 8, 0.8535353541374207, 1.0304521322250366
17, 0, 0.720812201499939, 1.2642240524291992
17, 18, 0.5303030014038086, 1.3546446561813354
17, 21, 0.13636364042758942, 1.5791805982589722
17, 11, 0.8375634551048279, 0.6382157206535339
17, 1, 0.13197968900203705, 1.9877640008926392
17, 3, 0.6616161465644836, 1.3532408475875854
17, 15, 0.05050504952669144, 1.7331701517105103
17, 22, 0.43939393758773804, 1.628980278968811
17, 9, 0.37185928225517273, 1.587491750717163
17, 10, 0.9547738432884216, 0.6944371461868286
17, 24, 0.3484848439693451, 1.7202558517456055
17, 5, 0.49238577485084534, 1.4545845985412598
17, 29, 0.06060606241226196, 1.9412052631378174
17, 13, 0.08629441261291504, 1.9426381587982178
17, 6, 0.5555555820465088, 1.4619934558868408
17, 12, 0.3888888955116272, 1.6073646545410156
17, 17, 0.24242424964904785, 2.0526914596557617
17, 16, 0.7575757503509521, 1.198783278465271
17, 25, 0.6532663106918335, 1.3163225650787354
17, 27, 0.08585858345031738, 2.0552432537078857
17, 19, 0.5404040217399597, 1.5215144157409668
17, 2, 0.8989899158477783, 0.715911865234375
17, 26, 0.2525252401828766, 2.4741671085357666
17, 7, 0.9045225977897644, 0.9796402454376221
17, 23, 0.44949495792388916, 1.5348666906356812
17, 4, 0.5858585834503174, 1.2445672750473022
17, 20, 0.7070707082748413, 1.3392430543899536
18, 10, 0.9547738432884216, 0.3883836567401886
18, 22, 0.38383838534355164, 1.7037323713302612
18, 16, 0.868686854839325, 0.9633985757827759
18, 28, 0.04545454680919647, 2.3754398822784424
18, 7, 0.8793969750404358, 0.9578176736831665
18, 13, 0.13705584406852722, 1.7688809633255005
18, 9, 0.37688443064689636, 1.5518486499786377
18, 21, 0.005050505045801401, 2.097904682159424
18, 15, 0.11616161465644836, 1.3898898363113403
18, 25, 0.356783926486969, 1.6567764282226562
18, 20, 0.8787878751754761, 0.9485939741134644
18, 29, 0.12121212482452393, 1.840492606163025
18, 24, 0.13636364042758942, 1.915403127670288
18, 12, 0.5101010203361511, 1.3933483362197876
18, 23, 0.4191919267177582, 1.6327027082443237
18, 26, 0.2929292917251587, 2.061347484588623
18, 8, 0.868686854839325, 0.9799752831459045
18, 6, 0.8030303120613098, 1.0645818710327148
18, 1, 0.060913704335689545, 2.096235513687134
18, 27, 0.06565656512975693, 2.1961886882781982
18, 4, 0.6969696879386902, 1.2161647081375122
18, 14, 0.6954314708709717, 1.1812647581100464
18, 18, 0.6111111044883728, 1.3269463777542114
18, 19, 0.691919207572937, 1.2131088972091675
18, 0, 0.6091370582580566, 1.3860702514648438
18, 5, 0.37055838108062744, 1.5760892629623413
18, 17, 0.08080808073282242, 2.1978137493133545
18, 11, 0.8274111747741699, 0.688904345035553
18, 3, 0.868686854839325, 0.9968125224113464
18, 2, 0.8989899158477783, 0.5406159162521362
19, 26, 0.25757575035095215, 2.3907172679901123
19, 0, 0.7868020534515381, 1.1471452713012695
19, 9, 0.31658291816711426, 1.51115083694458
19, 8, 0.8232323527336121, 1.0279241800308228
19, 25, 0.7487437129020691, 1.152138113975525
19, 21, 0.24242424964904785, 1.5910322666168213
19, 15, 0.07070706784725189, 1.5820496082305908
19, 16, 0.8383838534355164, 1.0753501653671265
19, 29, 0.10606060922145844, 1.9564276933670044
19, 10, 0.9547738432884216, 0.5063050985336304
19, 27, 0.15656565129756927, 2.0511231422424316
19, 17, 0.1666666716337204, 2.163588523864746
19, 19, 0.6969696879386902, 1.3027349710464478
19, 22, 0.4747474789619446, 1.4783992767333984
19, 23, 0.4444444477558136, 1.5042439699172974
19, 18, 0.43939393758773804, 1.466131329536438
19, 1, 0.09137056022882462, 2.0851922035217285
19, 20, 0.7979797720909119, 1.2127193212509155
19, 24, 0.2777777910232544, 1.7515212297439575
19, 14, 0.720812201499939, 1.2110249996185303
19, 3, 0.808080792427063, 1.221760630607605
19, 2, 0.8989899158477783, 0.5977476239204407
19, 5, 0.4314720928668976, 1.5133908987045288
19, 13, 0.0710659921169281, 2.323287010192871
19, 4, 0.46464645862579346, 1.3909424543380737
19, 12, 0.46464645862579346, 1.5544530153274536
19, 7, 0.7889447212219238, 1.015268087387085
19, 6, 0.6969696879386902, 1.3198596239089966
19, 28, 0.10101009905338287, 2.332611083984375
19, 11, 0.8477157354354858, 0.5946620106697083
20, 2, 0.8838383555412292, 0.6111670732498169
20, 29, 0.11616161465644836, 1.9717470407485962
20, 19, 0.6767676472663879, 1.2163782119750977
20, 20, 0.8737373948097229, 0.9842627644538879
20, 18, 0.5909090638160706, 1.289864182472229
20, 6, 0.7777777910232544, 1.0994527339935303
20, 5, 0.3857868015766144, 1.4744267463684082
20, 28, 0.0555555559694767, 2.3702282905578613
20, 17, 0.10101009905338287, 2.1465988159179688
20, 11, 0.8274111747741699, 0.681309163570404
20, 1, 0.09137056022882462, 2.022003173828125
20, 23, 0.4141414165496826, 1.5319150686264038
20, 8, 0.8737373948097229, 0.8695070147514343
20, 12, 0.47979798913002014, 1.3899587392807007
20, 13, 0.11167512834072113, 1.865310549736023
20, 3, 0.8383838534355164, 1.008344054222107
20, 24, 0.1818181872367859, 1.8383435010910034
20, 26, 0.26767677068710327, 2.315629005432129
20, 4, 0.6262626051902771, 1.223844051361084
20, 27, 0.08080808073282242, 2.15421199798584
20, 14, 0.7309644818305969, 1.1532433032989502
20, 0, 0.6345177888870239, 1.2481791973114014
20, 16, 0.8737373948097229, 0.9114903807640076
20, 9, 0.45728641748428345, 1.4645034074783325
20, 15, 0.1515151560306549, 1.327811598777771
20, 10, 0.9547738432884216, 0.5239734649658203
20, 7, 0.8643215894699097, 0.8829593658447266
20, 21, 0.010101010091602802, 2.2077291011810303
20, 22, 0.3585858643054962, 1.9744518995285034
20, 25, 0.37185928225517273, 1.543176531791687
21, 17, 0.23232322931289673, 1.9600989818572998
21, 16, 0.8232323527336121, 1.0324989557266235
21, 7, 0.5477386713027954, 1.0009770393371582
21, 27, 0.1666666716337204, 1.9823627471923828
21, 6, 0.6767676472663879, 1.3071985244750977
21, 22, 0.6060606241226196, 1.3297512531280518
21, 26, 0.27272728085517883, 2.759679079055786
21, 11, 0.817258894443512, 0.6438556909561157
21, 1, 0.12182740867137909, 2.0339033603668213
21, 23, 0.4444444477558136, 1.4516903162002563
21, 29, 0.13636364042758942, 1.8764902353286743
21, 19, 0.6414141654968262, 1.3352766036987305
21, 20, 0.7575757503509521, 1.1908063888549805
21, 13, 0.10659898817539215, 2.001035213470459
21, 8, 0.5505050420761108, 1.0131776332855225
21, 14, 0.6294416189193726, 1.2383229732513428
21, 5, 0.4720812141895294, 1.4371596574783325
21, 15, 0.06565656512975693, 1.6904184818267822
21, 24, 0.34343433380126953, 1.6743847131729126
21, 4, 0.5151515007019043, 1.4427549839019775
21, 10, 0.9497487545013428, 0.395702600479126
21, 2, 0.8838383555412292, 0.5678160190582275
21, 3, 0.7575757503509521, 1.187670111656189
21, 9, 0.5276381969451904, 1.3747888803482056
21, 21, 0.3888888955116272, 1.4782536029815674
21, 28, 0.11616161465644836, 2.183929920196533
21, 25, 0.3919597864151001, 1.540197491645813
21, 12, 0.4848484992980957, 1.4936549663543701
21, 18, 0.4848484992980957, 1.4519000053405762
21, 0, 0.5685279369354248, 1.4100674390792847
22, 13, 0.0964467003941536, 2.0027384757995605
22, 12, 0.5707070827484131, 1.3268612623214722
22, 18, 0.6565656661987305, 1.2373402118682861
22, 17, 0.10606060922145844, 2.2382190227508545
22, 29, 0.07070706784725189, 2.025015115737915
22, 8, 0.8888888955116272, 0.8683932423591614
22, 21, 0.010101010091602802, 2.228445291519165
22, 23, 0.40909090638160706, 1.507798194885254
22, 22, 0.3737373650074005, 1.7567540407180786
22, 27, 0.1666666716337204, 2.0714666843414307
22, 0, 0.6395938992500305, 1.2967098951339722
22, 19, 0.7171717286109924, 1.1501049995422363
22, 26, 0.29797980189323425, 2.4599428176879883
22, 16, 0.8535353541374207, 0.9364994168281555
22, 10, 0.9547738432884216, 0.4199225604534149
22, 7, 0.8944723606109619, 0.8414090275764465
22, 20, 0.8585858345031738, 1.0339642763137817
22, 14, 0.7563451528549194, 1.0576190948486328
22, 4, 0.631313145160675, 1.186926245689392
22, 5, 0.43654823303222656, 1.4207289218902588
22, 25, 0.6130653023719788, 1.2314993143081665
22, 15, 0.13131313025951385, 1.2527345418930054
22, 9, 0.37185928225517273, 1.5423623323440552
22, 24, 0.2070707082748413, 1.860819697380066
22, 28, 0.10101009905338287, 2.3156299591064453
22, 1, 0.13705584406852722, 1.9676730632781982
22, 2, 0.8888888955116272, 0.5548570156097412
22, 11, 0.7868020534515381, 0.7450457811355591
22, 3, 0.808080792427063, 1.0498837232589722
22, 6, 0.747474730014801, 1.1113895177841187
23, 9, 0.572864294052124, 1.3113654851913452
23, 0, 0.6395938992500305, 1.2109466791152954
23, 18, 0.42424243688583374, 1.4307361841201782
23, 5, 0.4568527936935425, 1.4874072074890137
23, 26, 0.3080808222293854, 2.7894375324249268
23, 27, 0.16161616146564484, 1.980275273323059
23, 6, 0.7323232293128967, 1.2765493392944336
23, 2, 0.8888888955116272, 0.605859100818634
23, 28, 0.14141413569450378, 2.1001157760620117
23, 29, 0.17676767706871033, 1.93392014503479
23, 25, 0.3819095492362976, 1.423905611038208
23, 13, 0.09137056022882462, 2.122398614883423
23, 11, 0.807106614112854, 0.702038586139679
23, 3, 0.7575757503509521, 1.1880723237991333
23, 15, 0.08080808073282242, 1.8689417839050293
23, 24, 0.3737373650074005, 1.6432572603225708
23, 23, 0.3888888955116272, 1.4993572235107422
23, 19, 0.7373737096786499, 1.208025336265564
23, 22, 0.49494948983192444, 1.6617451906204224
23, 4, 0.4343434274196625, 1.4044526815414429
23, 1, 0.15228426456451416, 1.9687005281448364
23, 20, 0.7878788113594055, 1.1893906593322754
23, 17, 0.2626262605190277, 1.8922550678253174
23, 16, 0.7979797720909119, 1.0541267395019531
23, 14, 0.7411167621612549, 1.1226918697357178
23, 8, 0.2777777910232544, 1.181132435798645
23, 7, 0.23115578293800354, 1.186347484588623
23, 10, 0.9547738432884216, 0.23309257626533508
23, 21, 0.6666666865348816, 1.236602783203125
23, 12, 0.5101010203361511, 1.485614538192749
24, 9, 0.3919597864151001, 1.5246479511260986
24, 2, 0.8787878751754761, 0.5690240859985352
24, 22, 0.3585858643054962, 1.806214451789856
24, 26, 0.3030303120613098, 2.4407782554626465
24, 25, 0.6281406879425049, 1.1460462808609009
24, 5, 0.4263959527015686, 1.399959921836853
24, 24, 0.21212121844291687, 1.8428497314453125
24, 16, 0.8535353541374207, 0.8892431259155273
24, 20, 0.868686854839325, 0.9672749042510986
24, 15, 0.24747474491596222, 1.1640770435333252
24, 10, 0.9447236061096191, 0.38772743940353394
24, 12, 0.6010100841522217, 1.2567638158798218
24, 23, 0.42424243688583374, 1.490099549293518
24, 18, 0.5656565427780151, 1.2815356254577637
24, 28, 0.10101009905338287, 2.2099697589874268
24, 19, 0.7020202279090881, 1.2190918922424316
24, 8, 0.8838383555412292, 0.8128345608711243
24, 4, 0.5656565427780151, 1.2931194305419922
24, 27, 0.13131313025951385, 2.02048397064209
24, 29, 0.2373737394809723, 1.7897108793258667
24, 21, 0.010101010091602802, 2.484013795852661
24, 6, 0.7929292917251587, 1.066721796989441
24, 1, 0.12690354883670807, 1.920719861984253
24, 11, 0.7461928725242615, 0.8161371946334839
24, 0, 0.48730963468551636, 1.470078945159912
24, 13, 0.08629441261291504, 1.982075810432434
24, 14, 0.7461928725242615, 1.128359317779541
24, 7, 0.8592965006828308, 0.8252041339874268
24, 17, 0.13636364042758942, 2.1253955364227295
24, 3, 0.8484848737716675, 0.9868744611740112
25, 6, 0.752525269985199, 1.2032333612442017
25, 21, 0.7222222089767456, 1.1491305828094482
25, 16, 0.8232323527336121, 0.982638955116272
25, 26, 0.29797980189323425, 2.86531925201416
25, 2, 0.8636363744735718, 0.5836083889007568
25, 9, 0.4874371886253357, 1.3553647994995117
25, 12, 0.5757575631141663, 1.3784805536270142
25, 25, 0.43216079473495483, 1.4067399501800537
25, 7, 0.14070351421833038, 1.3171026706695557
25, 20, 0.7929292917251587, 1.1263983249664307
25, 5, 0.4720812141895294, 1.3895108699798584
25, 19, 0.7171717286109924, 1.183544635772705
25, 8, 0.1818181872367859, 1.2907888889312744
25, 10, 0.9246231317520142, 0.3603229522705078
25, 4, 0.5808081030845642, 1.2279762029647827
25, 1, 0.14720812439918518, 1.9212223291397095
25, 14, 0.7563451528549194, 1.0747604370117188
25, 13, 0.0964467003941536, 2.3681294918060303
25, 17, 0.24242424964904785, 2.0161099433898926
25, 3, 0.7676767706871033, 1.1273940801620483
25, 29, 0.14646464586257935, 1.9858171939849854
25, 15, 0.09090909361839294, 2.0060536861419678
25, 18, 0.5656565427780151, 1.2621264457702637
25, 23, 0.43939393758773804, 1.4566104412078857
25, 22, 0.5353535413742065, 1.484873652458191
25, 24, 0.32828283309936523, 1.662092685699463
25, 28, 0.14141413569450378, 2.183746814727783
25, 0, 0.700507640838623, 1.157414197921753
25, 11, 0.700507640838623, 0.9403417110443115
25, 27, 0.1818181872367859, 1.9680488109588623
26, 27, 0.1666666716337204, 2.0204527378082275
26, 10, 0.9045225977897644, 0.38933518528938293
26, 9, 0.45728641748428345, 1.4098082780838013
26, 0, 0.6192893385887146, 1.2389963865280151
26, 23, 0.4343434274196625, 1.4550669193267822
26, 6, 0.7727272510528564, 1.0681626796722412
26, 11, 0.7563451528549194, 0.830813467502594
26, 20, 0.8484848737716675, 0.9704695343971252
26, 24, 0.2222222238779068, 1.8585336208343506
26, 29, 0.20202019810676575, 1.8836781978607178
26, 5, 0.4263959527015686, 1.4074956178665161
26, 8, 0.8787878751754761, 0.7848204970359802
26, 28, 0.10606060922145844, 2.235600233078003
26, 2, 0.868686854839325, 0.6092714071273804
26, 15, 0.08585858345031738, 1.3450491428375244
26, 19, 0.7020202279090881, 1.1381865739822388
26, 21, 0.005050505045801401, 2.4518094062805176
26, 22, 0.43939393758773804, 1.6633927822113037
26, 14, 0.7411167621612549, 1.029720425605774
26, 1, 0.13705584406852722, 1.912549376487732
26, 25, 0.5628140568733215, 1.2837790250778198
26, 12, 0.6010100841522217, 1.265458345413208
26, 7, 0.8994975090026855, 0.7563214898109436
26, 18, 0.4747474789619446, 1.3994945287704468
26, 4, 0.5050504803657532, 1.4019957780838013
26, 13, 0.13197968900203705, 2.0035412311553955
26, 26, 0.3030303120613098, 2.9969284534454346
26, 3, 0.8232323527336121, 0.9897431135177612
26, 17, 0.11616161465644836, 2.2086570262908936
26, 16, 0.8585858345031738, 0.8439533114433289
27, 27, 0.1666666716337204, 1.9984910488128662
27, 24, 0.29797980189323425, 1.6885958909988403
27, 22, 0.47979798913002014, 1.612850308418274
27, 17, 0.22727273404598236, 1.9932886362075806
27, 7, 0.25628140568733215, 1.151541829109192
27, 19, 0.6969696879386902, 1.1491410732269287
27, 2, 0.8434343338012695, 0.6282631754875183
27, 25, 0.47236180305480957, 1.3382834196090698
27, 13, 0.10659898817539215, 2.193418264389038
27, 16, 0.8333333134651184, 0.8565149903297424
27, 6, 0.7373737096786499, 1.103312611579895
27, 26, 0.2929292917251587, 3.5225210189819336
27, 3, 0.7979797720909119, 1.0058790445327759
27, 12, 0.5808081030845642, 1.3251053094863892
27, 18, 0.5707070827484131, 1.3082897663116455
27, 28, 0.1262626200914383, 2.143362283706665
27, 4, 0.5353535413742065, 1.3019640445709229
27, 15, 0.08080808073282242, 1.7373082637786865
27, 20, 0.8535353541374207, 0.9836583733558655
27, 11, 0.8375634551048279, 0.7430810928344727
27, 5, 0.46192893385887146, 1.40327787399292
27, 23, 0.4191919267177582, 1.4187405109405518
27, 14, 0.7411167621612549, 1.049146056175232
27, 29, 0.17676767706871033, 1.9184255599975586
27, 21, 0.6868686676025391, 1.2146986722946167
27, 8, 0.3030303120613098, 1.158907413482666
27, 9, 0.47236180305480957, 1.3495017290115356
27, 1, 0.14720812439918518, 1.9396361112594604
27, 0, 0.5989847779273987, 1.3028538227081299
27, 10, 0.8743718862533569, 0.3821674883365631
28, 24, 0.24242424964904785, 1.8078941106796265
28, 20, 0.8484848737716675, 1.0291224718093872
28, 2, 0.8939393758773804, 0.6136453151702881
28, 29, 0.15656565129756927, 1.9583454132080078
28, 22, 0.43939393758773804, 1.655965805053711
28, 16, 0.8535353541374207, 0.9383600950241089
28, 13, 0.10152284055948257, 2.028721570968628
28, 28, 0.15656565129756927, 2.113877534866333
28, 8, 0.8636363744735718, 0.8126312494277954
28, 1, 0.2131979763507843, 1.8112683296203613
28, 10, 0.9497487545013428, 0.28029003739356995
28, 5, 0.4517766535282135, 1.4020196199417114
28, 19, 0.7272727489471436, 1.1006250381469727
28, 7, 0.8743718862533569, 0.7847508788108826
28, 12, 0.6616161465644836, 1.2522268295288086
28, 25, 0.572864294052124, 1.2237306833267212
28, 18, 0.6262626051902771, 1.2376179695129395
28, 6, 0.7626262903213501, 1.0904279947280884
28, 26, 0.3484848439693451, 3.189058780670166
28, 0, 0.6395938992500305, 1.2794811725616455
28, 9, 0.48241207003593445, 1.3635306358337402
28, 15, 0.08080808073282242, 1.5422427654266357
28, 3, 0.7929292917251587, 1.0626529455184937
28, 27, 0.19696970283985138, 1.9425312280654907
28, 4, 0.5959596037864685, 1.2196069955825806
28, 21, 0.01515151560306549, 2.2278342247009277
28, 14, 0.7664974331855774, 0.9907875657081604
28, 17, 0.17171716690063477, 2.1232564449310303
28, 11, 0.720812201499939, 1.0712822675704956
28, 23, 0.38383838534355164, 1.5185245275497437
29, 0, 0.6598984599113464, 1.1921932697296143
29, 18, 0.5050504803657532, 1.3867040872573853
29, 23, 0.4292929172515869, 1.4463517665863037
29, 16, 0.8434343338012695, 0.865101158618927
29, 10, 0.8894472122192383, 0.32481661438941956
29, 9, 0.5175879597663879, 1.3124897480010986
29, 26, 0.3333333432674408, 2.9280669689178467
29, 5, 0.4517766535282135, 1.4438419342041016
29, 7, 0.8492462038993835, 0.8370391130447388
29, 19, 0.7222222089767456, 1.0843143463134766
29, 3, 0.7929292917251587, 1.0079829692840576
29, 13, 0.10152284055948257, 2.268209457397461
29, 8, 0.808080792427063, 0.8674185276031494
29, 20, 0.8434343338012695, 0.995338499546051
29, 4, 0.46464645862579346, 1.37607741355896
29, 2, 0.8535353541374207, 0.6520322561264038
29, 6, 0.7121211886405945, 1.1095770597457886
29, 25, 0.5879396796226501, 1.1943210363388062
29, 27, 0.1818181872367859, 1.9750630855560303
29, 22, 0.5252525210380554, 1.4800500869750977
29, 21, 0.21717171370983124, 1.5681196451187134
29, 17, 0.22727273404598236, 2.0624940395355225
29, 15, 0.09090909361839294, 1.8912781476974487
29, 1, 0.14720812439918518, 1.9741395711898804
29, 29, 0.21212121844291687, 1.9141933917999268
29, 28, 0.1262626200914383, 2.147420644760132
29, 24, 0.3080808222293854, 1.7223962545394897
29, 14, 0.7411167621612549, 0.9875980019569397
29, 12, 0.5959596037864685, 1.3448790311813354
29, 11, 0.7614213228225708, 0.895098865032196
30, 5, 0.22842639684677124, 11.517573356628418
30, 2, 0.25757575035095215, 1.7734384536743164
30, 18, 0.21717171370983124, 1.8442310094833374
30, 16, 0.44949495792388916, 4.537282466888428
30, 22, 0.38383838534355164, 1.7960494756698608
30, 11, 0.42131978273391724, 1.509058952331543
30, 28, 0.09595959633588791, 2.1910176277160645
30, 1, 0.12182740867137909, 2.4252254962921143
30, 15, 0.06060606241226196, 2.3534858226776123
30, 6, 0.020202020183205605, 9.04703140258789
30, 10, 0.13567839562892914, 1.782634973526001
30, 17, 0.33838382363319397, 5.893590450286865
30, 29, 0.1515151560306549, 2.827489137649536
30, 14, 0.13705584406852722, 16.242238998413086
30, 27, 0.31313130259513855, 2.5792224407196045
30, 12, 0.13636364042758942, 4.815961837768555
30, 24, 0.2777777910232544, 4.281552791595459
30, 8, 0.03030303120613098, 25.238170623779297
30, 25, 0.3919597864151001, 1.3118013143539429
30, 7, 0.02010050229728222, 27.43671417236328
30, 0, 0.04060913622379303, 1.859282374382019
30, 3, 0.19696970283985138, 6.322944641113281
30, 4, 0.6161616444587708, 1.206215500831604
30, 23, 0.4545454680919647, 2.889927387237549
30, 20, 0.07575757801532745, 7.406933307647705
30, 26, 0.010101010091602802, 16.1513614654541
30, 19, 0.7070707082748413, 1.1347858905792236
30, 13, 0.06598984450101852, 6.548918724060059
30, 21, 0.11616161465644836, 1.7790054082870483
30, 9, 0.7537688612937927, 1.1355316638946533
31, 29, 0.3585858643054962, 2.3858871459960938
31, 17, 0.43939393758773804, 2.1763041019439697
31, 8, 0.03030303120613098, 2.439525604248047
31, 1, 0.1421319842338562, 2.0051488876342773
31, 21, 0.2373737394809723, 1.8956265449523926
31, 23, 0.1666666716337204, 2.0681140422821045
31, 5, 0.21827411651611328, 2.2751975059509277
31, 22, 0.3232323229312897, 2.142127275466919
31, 13, 0.8121827244758606, 1.9732884168624878
31, 3, 0.06060606241226196, 2.5773866176605225
31, 20, 0.01515151560306549, 2.721025228500366
31, 7, 0.02512562833726406, 2.451662063598633
31, 27, 0.3787878751754761, 1.8855291604995728
31, 18, 0.43939393758773804, 1.4821704626083374
31, 15, 0.469696968793869, 1.1596189737319946
31, 9, 0.18090452253818512, 2.1333727836608887
31, 6, 0.03030303120613098, 2.8460421562194824
31, 0, 0.6192893385887146, 1.1754441261291504
31, 16, 0.17171716690063477, 2.274794101715088
31, 14, 0.055837564170360565, 3.416942834854126
31, 19, 0.3232323229312897, 1.7338554859161377
31, 28, 0.469696968793869, 1.238488793373108
31, 2, 0.8989899158477783, 0.5171931385993958
31, 26, 0.1111111119389534, 2.3938827514648438
31, 12, 0.20202019810676575, 2.3132596015930176
31, 10, 0.9547738432884216, 0.3662645220756531
31, 25, 0.35175880789756775, 1.2780117988586426
31, 11, 0.7055837512016296, 0.9506256580352783
31, 4, 0.06060606241226196, 2.096015691757202
31, 24, 0.19696970283985138, 2.0876736640930176
32, 19, 0.33838382363319397, 1.333066701889038
32, 28, 0.4595959484577179, 1.2869906425476074
32, 18, 0.5959596037864685, 1.3710896968841553
32, 8, 0.9090909361839294, 0.5511537194252014
32, 15, 0.5050504803657532, 1.1830216646194458
32, 29, 0.3030303120613098, 1.933462142944336
32, 17, 0.33838382363319397, 4.1216607093811035
32, 25, 0.8090452551841736, 1.05143404006958
32, 27, 0.10101009905338287, 2.083918809890747
32, 20, 0.09595959633588791, 1.9934978485107422
32, 10, 0.9447236061096191, 0.6698967814445496
32, 9, 0.23115578293800354, 1.59031343460083
32, 21, 0.33838382363319397, 1.6601768732070923
32, 14, 0.11167512834072113, 2.875424861907959
32, 22, 0.27272728085517883, 1.9397077560424805
32, 0, 0.6192893385887146, 1.2221518754959106
32, 24, 0.3585858643054962, 2.125542163848877
32, 12, 0.14141413569450378, 1.84987211227417
32, 2, 0.8585858345031738, 0.7589279413223267
32, 26, 0.10606060922145844, 2.3156051635742188
32, 13, 0.8121827244758606, 1.970183253288269
32, 5, 0.49238577485084534, 3.173105239868164
32, 6, 0.09090909361839294, 2.1670377254486084
32, 7, 0.9748743772506714, 0.18097339570522308
32, 23, 0.22727273404598236, 2.0423238277435303
32, 11, 0.7258883118629456, 0.9173535704612732
32, 1, 0.2131979763507843, 1.8915860652923584
32, 3, 0.1262626200914383, 1.9457554817199707
32, 4, 0.2777777910232544, 1.2739094495773315
32, 16, 0.28282827138900757, 1.7899305820465088
33, 20, 0.5555555820465088, 1.6221373081207275
33, 3, 0.4141414165496826, 1.6533088684082031
33, 8, 0.8888888955116272, 0.6531022191047668
33, 21, 0.4191919267177582, 1.4685696363449097
33, 19, 0.28787878155708313, 1.4900355339050293
33, 24, 0.13636364042758942, 2.03895902633667
33, 12, 0.4747474789619446, 1.6168488264083862
33, 26, 0.11616161465644836, 2.2412147521972656
33, 18, 0.5202020406723022, 1.3834142684936523
33, 14, 0.27411168813705444, 2.546844959259033
33, 11, 0.6548223495483398, 0.9181894063949585
33, 1, 0.3147208094596863, 1.7292983531951904
33, 10, 0.9547738432884216, 0.5307056903839111
33, 29, 0.3181818127632141, 2.004814386367798
33, 9, 0.20603014528751373, 1.7832509279251099
33, 4, 0.1262626200914383, 1.539534330368042
33, 27, 0.18686868250370026, 2.166093349456787
33, 13, 0.7766497731208801, 1.8567581176757812
33, 15, 0.6212121248245239, 0.9525381326675415
33, 28, 0.5808081030845642, 1.1501773595809937
33, 6, 0.4747474789619446, 1.788364291191101
33, 16, 0.5050504803657532, 1.5599039793014526
33, 25, 0.7085427045822144, 1.0094661712646484
33, 22, 0.24242424964904785, 2.2847118377685547
33, 23, 0.1818181872367859, 2.067976474761963
33, 0, 0.6345177888870239, 1.1314061880111694
33, 5, 0.49238577485084534, 1.2173974514007568
33, 17, 0.3737373650074005, 1.967700719833374
33, 2, 0.8838383555412292, 0.6062467694282532
33, 7, 0.9497487545013428, 0.4384382367134094
34, 1, 0.1928934007883072, 1.790077805519104
34, 28, 0.46464645862579346, 1.3477853536605835
34, 18, 0.5050504803657532, 1.4915002584457397
34, 3, 0.7575757503509521, 1.3885812759399414
34, 12, 0.6262626051902771, 1.4694725275039673
34, 26, 0.1262626200914383, 2.1683294773101807
34, 14, 0.4111675024032593, 2.3087971210479736
34, 27, 0.11616161465644836, 2.113013744354248
34, 25, 0.5326633453369141, 1.4803130626678467
34, 8, 0.8939393758773804, 0.5345791578292847
34, 9, 0.2512562870979309, 1.6319634914398193
34, 20, 0.8434343338012695, 1.3297606706619263
34, 15, 0.4040403962135315, 1.244588851928711
34, 24, 0.07070706784725189, 2.052297353744507
34, 11, 0.720812201499939, 0.8221883177757263
34, 4, 0.4191919267177582, 1.1550389528274536
34, 6, 0.752525269985199, 1.529982089996338
34, 0, 0.48730963468551636, 1.3728656768798828
34, 5, 0.5025380849838257, 1.419110894203186
34, 23, 0.2222222238779068, 1.9414604902267456
34, 19, 0.39898988604545593, 1.2700525522232056
34, 7, 0.9547738432884216, 0.28410133719444275
34, 2, 0.8232323527336121, 0.7147893905639648
34, 17, 0.3888888955116272, 2.3025128841400146
34, 21, 0.3636363744735718, 1.4817841053009033
34, 10, 0.929648220539093, 0.6518533229827881
34, 22, 0.39898988604545593, 1.8826282024383545
34, 29, 0.3737373650074005, 1.7519530057907104
34, 16, 0.6818181872367859, 1.354372262954712
34, 13, 0.7512690424919128, 1.6271461248397827
35, 12, 0.6666666865348816, 1.3669859170913696
35, 28, 0.6616161465644836, 1.0847537517547607
35, 25, 0.733668327331543, 0.8877869248390198
35, 14, 0.4517766535282135, 2.2142746448516846
35, 16, 0.6666666865348816, 1.3086620569229126
35, 18, 0.5858585834503174, 1.2550406455993652
35, 17, 0.39393940567970276, 2.1895315647125244
35, 24, 0.06565656512975693, 2.0859181880950928
35, 15, 0.6717171669006348, 0.8735109567642212
35, 22, 0.19191919267177582, 2.578049659729004
35, 10, 0.9648241400718689, 0.49302658438682556
35, 11, 0.6395938992500305, 0.9834579825401306
35, 9, 0.21105527877807617, 1.7060554027557373
35, 19, 0.24747474491596222, 1.5095200538635254
35, 2, 0.8939393758773804, 0.5671464204788208
35, 5, 0.5076141953468323, 1.180556058883667
35, 23, 0.20202019810676575, 1.896008014678955
35, 13, 0.7411167621612549, 1.1751456260681152
35, 29, 0.23232322931289673, 2.156989574432373
35, 4, 0.16161616146564484, 1.5137896537780762
35, 8, 0.8888888955116272, 0.5275658369064331
35, 20, 0.8585858345031738, 1.2228083610534668
35, 7, 0.9547738432884216, 0.28370019793510437
35, 27, 0.09090909361839294, 2.0372393131256104
35, 1, 0.24873095750808716, 1.7087821960449219
35, 3, 0.7828282713890076, 1.3004623651504517
35, 0, 0.720812201499939, 0.9785701036453247
35, 21, 0.44949495792388916, 1.366159439086914
35, 26, 0.21717171370983124, 2.0615956783294678
35, 6, 0.7878788113594055, 1.411020278930664
36, 9, 0.2763819098472595, 1.4620670080184937
36, 23, 0.31313130259513855, 1.715768814086914
36, 4, 0.3888888955116272, 1.250954031944275
36, 1, 0.20304568111896515, 1.7338835000991821
36, 5, 0.5126903653144836, 1.2008507251739502
36, 20, 0.8787878751754761, 1.0646305084228516
36, 24, 0.07070706784725189, 2.0794670581817627
36, 11, 0.6852791905403137, 0.8834598660469055
36, 2, 0.8787878751754761, 0.6361618041992188
36, 17, 0.4040403962135315, 2.1378118991851807
36, 0, 0.624365508556366, 1.0713081359863281
36, 19, 0.39393940567970276, 1.21416437625885
36, 15, 0.5858585834503174, 1.0569219589233398
36, 28, 0.5757575631141663, 1.2115898132324219
36, 7, 0.9597989916801453, 0.317400723695755
36, 27, 0.07070706784725189, 1.987871527671814
36, 6, 0.7828282713890076, 1.326514482498169
36, 12, 0.6262626051902771, 1.3020402193069458
36, 29, 0.35353535413742065, 1.898519515991211
36, 8, 0.8838383555412292, 0.5543855428695679
36, 26, 0.29797980189323425, 1.9696054458618164
36, 10, 0.9597989916801453, 0.5709806680679321
36, 21, 0.4040403962135315, 1.3790876865386963
36, 14, 0.4568527936935425, 2.1747634410858154
36, 3, 0.8232323527336121, 1.1356452703475952
36, 22, 0.44949495792388916, 1.7880618572235107
36, 18, 0.5101010203361511, 1.4297878742218018
36, 16, 0.7272727489471436, 1.1078248023986816
36, 13, 0.6852791905403137, 1.3473271131515503
36, 25, 0.5376884341239929, 1.4578680992126465
37, 10, 0.9597989916801453, 0.4605802297592163
37, 0, 0.6598984599113464, 1.0432894229888916
37, 4, 0.29797980189323425, 1.400255799293518
37, 19, 0.28282827138900757, 1.437723994255066
37, 17, 0.4191919267177582, 2.2702088356018066
37, 13, 0.6751269102096558, 1.0284790992736816
37, 5, 0.5177664756774902, 1.353111982345581
37, 20, 0.8737373948097229, 1.1036264896392822
37, 18, 0.5101010203361511, 1.3876816034317017
37, 25, 0.7035176157951355, 0.9560638666152954
37, 21, 0.4343434274196625, 1.3700989484786987
37, 2, 0.8787878751754761, 0.5762631297111511
37, 28, 0.6161616444587708, 1.1117208003997803
37, 3, 0.808080792427063, 1.1793946027755737
37, 26, 0.3030303120613098, 2.1300063133239746
37, 14, 0.4517766535282135, 1.901697039604187
37, 27, 0.12121212482452393, 1.9342656135559082
37, 23, 0.2929292917251587, 1.657181739807129
37, 1, 0.2588832378387451, 1.7009878158569336
37, 6, 0.7828282713890076, 1.3008040189743042
37, 7, 0.9597989916801453, 0.23464924097061157
37, 11, 0.6700507402420044, 0.9006384611129761
37, 22, 0.18686868250370026, 2.477410078048706
37, 12, 0.6414141654968262, 1.3381985425949097
37, 16, 0.7222222089767456, 1.1662687063217163
37, 8, 0.8888888955116272, 0.5414496660232544
37, 15, 0.6666666865348816, 0.9274094104766846
37, 24, 0.08585858345031738, 2.01045298576355
37, 29, 0.24242424964904785, 2.179638385772705
37, 9, 0.2010050266981125, 1.712780475616455
38, 3, 0.8282828330993652, 1.0329021215438843
38, 22, 0.4898989796638489, 1.5459511280059814
38, 25, 0.35175880789756775, 1.6324195861816406
38, 6, 0.7878788113594055, 1.1849822998046875
38, 12, 0.6414141654968262, 1.242577314376831
38, 8, 0.8939393758773804, 0.44882842898368835
38, 11, 0.700507640838623, 0.8565289378166199
38, 24, 0.08080808073282242, 2.064823627471924
38, 13, 0.6751269102096558, 1.0796458721160889
38, 20, 0.8888888955116272, 0.9486544728279114
38, 15, 0.6060606241226196, 0.9767468571662903
38, 2, 0.868686854839325, 0.5792258381843567
38, 4, 0.38383838534355164, 1.3361307382583618
38, 27, 0.08585858345031738, 1.9829601049423218
38, 17, 0.3787878751754761, 2.5070877075195312
38, 16, 0.747474730014801, 1.0043715238571167
38, 26, 0.31313130259513855, 2.064213752746582
38, 0, 0.6345177888870239, 1.1047590970993042
38, 18, 0.5656565427780151, 1.3439558744430542
38, 19, 0.32828283309936523, 1.3203903436660767
38, 14, 0.4517766535282135, 1.8742071390151978
38, 5, 0.49238577485084534, 1.3436955213546753
38, 9, 0.24623115360736847, 1.587287425994873
38, 7, 0.9698492288589478, 0.182241290807724
38, 29, 0.3181818127632141, 2.126112461090088
38, 28, 0.6060606241226196, 1.1925400495529175
38, 1, 0.22842639684677124, 1.7375246286392212
38, 21, 0.42424243688583374, 1.357919454574585
38, 10, 0.9497487545013428, 0.4646357595920563
38, 23, 0.3030303120613098, 1.6408261060714722
39, 9, 0.2613065242767334, 1.5302931070327759
39, 14, 0.5126903653144836, 1.7528480291366577
39, 0, 0.5939086079597473, 1.1732419729232788
39, 15, 0.5, 1.1618777513504028
39, 1, 0.3553299605846405, 1.606420636177063
39, 18, 0.560606062412262, 1.339281439781189
39, 8, 0.8888888955116272, 0.5772109627723694
39, 28, 0.49494948983192444, 1.2892383337020874
39, 10, 0.9396985173225403, 0.48732873797416687
39, 13, 0.6852791905403137, 0.9803228974342346
39, 25, 0.7839195728302002, 0.9320953488349915
39, 7, 0.9648241400718689, 0.2213273048400879
39, 24, 0.1262626200914383, 2.0180530548095703
39, 21, 0.469696968793869, 1.235975980758667
39, 29, 0.24242424964904785, 2.039536714553833
39, 22, 0.2373737394809723, 2.269777536392212
39, 4, 0.39393940567970276, 1.305138349533081
39, 17, 0.4292929172515869, 2.3328332901000977
39, 26, 0.29797980189323425, 2.1855897903442383
39, 20, 0.8232323527336121, 1.0843870639801025
39, 27, 0.19696970283985138, 1.853958010673523
39, 5, 0.5228426456451416, 1.3155958652496338
39, 6, 0.7424242496490479, 1.2618838548660278
39, 3, 0.7777777910232544, 1.1487154960632324
39, 23, 0.3030303120613098, 1.5748032331466675
39, 2, 0.8333333134651184, 0.6006181240081787
39, 11, 0.7258883118629456, 0.8134137392044067
39, 19, 0.40909090638160706, 1.2360717058181763
39, 12, 0.6464646458625793, 1.2732288837432861
39, 16, 0.7020202279090881, 1.1036170721054077
40, 17, 0.4292929172515869, 2.0983426570892334
40, 27, 0.1515151560306549, 1.952232003211975
40, 21, 0.4848484992980957, 1.2135471105575562
40, 25, 0.5226130485534668, 1.4503138065338135
40, 26, 0.28282827138900757, 2.386873483657837
40, 22, 0.42424243688583374, 1.7703132629394531
40, 9, 0.2010050266981125, 1.5996325016021729
40, 29, 0.2626262605190277, 2.5178067684173584
40, 24, 0.1262626200914383, 2.0296127796173096
40, 1, 0.3350253701210022, 1.636311650276184
40, 13, 0.6395938992500305, 1.047623872756958
40, 5, 0.5532994866371155, 1.1131068468093872
40, 14, 0.5583756566047668, 1.6562726497650146
40, 7, 0.9246231317520142, 0.37486371397972107
40, 6, 0.752525269985199, 1.1882671117782593
40, 10, 0.9346733689308167, 0.42652758955955505
40, 23, 0.29797980189323425, 1.5922679901123047
40, 18, 0.5353535413742065, 1.2841163873672485
40, 12, 0.6616161465644836, 1.2359998226165771
40, 20, 0.8434343338012695, 1.0230944156646729
40, 19, 0.28282827138900757, 1.3991621732711792
40, 0, 0.720812201499939, 0.9920291304588318
40, 15, 0.6464646458625793, 0.8876758217811584
40, 28, 0.6262626051902771, 1.1128228902816772
40, 4, 0.44949495792388916, 1.3254992961883545
40, 11, 0.6446700692176819, 0.9936428666114807
40, 2, 0.8181818127632141, 0.5761786699295044
40, 16, 0.7121211886405945, 1.0522139072418213
40, 8, 0.868686854839325, 0.6352260708808899
40, 3, 0.8030303120613098, 1.085547924041748
41, 29, 0.3232323229312897, 1.8905322551727295
41, 25, 0.713567852973938, 0.910256028175354
41, 27, 0.09595959633588791, 2.04626202583313
41, 12, 0.6666666865348816, 1.187620997428894
41, 7, 0.9396985173225403, 0.2950456440448761
41, 4, 0.3787878751754761, 1.4188281297683716
41, 2, 0.8131313323974609, 0.597942054271698
41, 1, 0.2791878283023834, 1.7258503437042236
41, 17, 0.4141414165496826, 2.3199779987335205
41, 28, 0.5151515007019043, 1.3020967245101929
41, 13, 0.5634517669677734, 1.244045376777649
41, 5, 0.5482233762741089, 1.1825381517410278
41, 18, 0.5404040217399597, 1.3223559856414795
41, 21, 0.46464645862579346, 1.2849717140197754
41, 11, 0.7360405921936035, 0.7973186373710632
41, 9, 0.24623115360736847, 1.4889456033706665
41, 16, 0.7272727489471436, 1.015061616897583
41, 26, 0.29797980189323425, 2.4619908332824707
41, 14, 0.5786802172660828, 1.4807028770446777
41, 23, 0.2525252401828766, 1.651896595954895
41, 0, 0.6802030205726624, 1.0516681671142578
41, 3, 0.808080792427063, 0.9828764200210571
41, 24, 0.10606060922145844, 2.0036559104919434
41, 15, 0.4848484992980957, 1.1733540296554565
41, 8, 0.8888888955116272, 0.5698533058166504
41, 6, 0.808080792427063, 1.021907925605774
41, 22, 0.24242424964904785, 2.538494110107422
41, 10, 0.9246231317520142, 0.4779251217842102
41, 20, 0.868686854839325, 0.8847814202308655
41, 19, 0.4292929172515869, 1.2093995809555054
42, 21, 0.4848484992980957, 1.2729976177215576
42, 2, 0.808080792427063, 0.6168964505195618
42, 4, 0.4444444477558136, 1.3717756271362305
42, 3, 0.7727272510528564, 1.0954291820526123
42, 18, 0.5303030014038086, 1.3542470932006836
42, 11, 0.5888324975967407, 1.0904463529586792
42, 19, 0.2929292917251587, 1.4403057098388672
42, 16, 0.7171717286109924, 1.0867197513580322
42, 20, 0.8030303120613098, 1.0095826387405396
42, 23, 0.27272728085517883, 1.572322964668274
42, 29, 0.2373737394809723, 2.4969894886016846
42, 1, 0.3604061007499695, 1.6307026147842407
42, 15, 0.7676767706871033, 0.701029360294342
42, 0, 0.6548223495483398, 1.0650441646575928
42, 25, 0.5427135825157166, 1.2641422748565674
42, 7, 0.9346733689308167, 0.2472478449344635
42, 13, 0.6497461795806885, 1.097100019454956
42, 24, 0.1262626200914383, 1.8973108530044556
42, 22, 0.5202020406723022, 1.5246187448501587
42, 17, 0.4040403962135315, 2.2327189445495605
42, 8, 0.8989899158477783, 0.5309916138648987
42, 26, 0.3030303120613098, 2.7113165855407715
42, 9, 0.19597989320755005, 1.628760814666748
42, 28, 0.6868686676025391, 1.0130418539047241
42, 14, 0.6040608882904053, 1.5104397535324097
42, 12, 0.6565656661987305, 1.2462936639785767
42, 6, 0.7676767706871033, 1.1383908987045288
42, 10, 0.9195979833602905, 0.41997671127319336
42, 27, 0.17676767706871033, 1.8651195764541626
42, 5, 0.5482233762741089, 1.231196641921997
43, 22, 0.2626262605190277, 2.729856014251709
43, 8, 0.8939393758773804, 0.5990251302719116
43, 3, 0.8232323527336121, 0.9183209538459778
43, 10, 0.8944723606109619, 0.5294468402862549
43, 17, 0.4040403962135315, 2.542983293533325
43, 24, 0.12121212482452393, 2.0784249305725098
43, 18, 0.6111111044883728, 1.2170137166976929
43, 23, 0.28787878155708313, 1.6160184144973755
43, 16, 0.747474730014801, 0.9197213649749756
43, 2, 0.7929292917251587, 0.7097517848014832
43, 11, 0.7614213228225708, 0.7586708068847656
43, 9, 0.2713567912578583, 1.4162260293960571
43, 25, 0.5979899764060974, 1.2336372137069702
43, 6, 0.7979797720909119, 0.967473030090332
43, 19, 0.42424243688583374, 1.1720269918441772
43, 27, 0.08585858345031738, 2.10123348236084
43, 5, 0.5380710363388062, 1.2693676948547363
43, 28, 0.44949495792388916, 1.4396929740905762
43, 29, 0.3585858643054962, 1.7625058889389038
43, 20, 0.8737373948097229, 0.8331980109214783
43, 13, 0.6598984599113464, 1.0993614196777344
43, 26, 0.3181818127632141, 2.8059136867523193
43, 7, 0.9346733689308167, 0.2690821886062622
43, 15, 0.4292929172515869, 1.3270959854125977
43, 14, 0.624365508556366, 1.3418197631835938
43, 1, 0.22842639684677124, 1.8280494213104248
43, 21, 0.43939393758773804, 1.3230984210968018
43, 4, 0.49494948983192444, 1.2562252283096313
43, 0, 0.710659921169281, 1.0135648250579834
43, 12, 0.6565656661987305, 1.1591994762420654
44, 5, 0.5634517669677734, 1.2873201370239258
44, 6, 0.7777777910232544, 1.0452523231506348
44, 11, 0.700507640838623, 0.8481720089912415
44, 8, 0.8888888955116272, 0.6543094515800476
44, 3, 0.808080792427063, 0.9929434061050415
44, 7, 0.9346733689308167, 0.2707938551902771
44, 1, 0.3401015102863312, 1.6717456579208374
44, 12, 0.6616161465644836, 1.1751410961151123
44, 25, 0.4974874258041382, 1.2667210102081299
44, 4, 0.3484848439693451, 1.692302942276001
44, 16, 0.7121211886405945, 1.0013618469238281
44, 0, 0.7157360315322876, 0.9179084897041321
44, 28, 0.5656565427780151, 1.1882848739624023
44, 14, 0.6040608882904053, 1.478652000427246
44, 15, 0.5707070827484131, 0.9736585021018982
44, 13, 0.6446700692176819, 1.0600939989089966
44, 23, 0.2777777910232544, 1.5640262365341187
44, 9, 0.1909547746181488, 1.6712791919708252
44, 29, 0.22727273404598236, 2.6175432205200195
44, 2, 0.8484848737716675, 0.5510246157646179
44, 19, 0.31313130259513855, 1.3997561931610107
44, 26, 0.24242424964904785, 3.583700180053711
44, 22, 0.4040403962135315, 1.733472466468811
44, 10, 0.9195979833602905, 0.3784641921520233
44, 18, 0.5555555820465088, 1.326517105102539
44, 27, 0.14141413569450378, 1.9314334392547607
44, 24, 0.12121212482452393, 1.9446431398391724
44, 20, 0.8484848737716675, 0.9075278639793396
44, 21, 0.49494948983192444, 1.2489891052246094
44, 17, 0.4444444477558136, 2.112265110015869
45, 26, 0.3484848439693451, 2.6920583248138428
45, 25, 0.6130653023719788, 1.1535868644714355
45, 20, 0.8737373948097229, 0.7944299578666687
45, 0, 0.6802030205726624, 0.9903950095176697
45, 9, 0.286432147026062, 1.4843121767044067
45, 27, 0.1262626200914383, 2.0006496906280518
45, 5, 0.5482233762741089, 1.4841949939727783
45, 22, 0.28787878155708313, 2.273078441619873
45, 11, 0.720812201499939, 0.8338221907615662
45, 7, 0.9597989916801453, 0.18756848573684692
45, 2, 0.7878788113594055, 0.7074938416481018
45, 17, 0.42424243688583374, 2.558232069015503
45, 16, 0.7676767706871033, 0.9202699065208435
45, 12, 0.631313145160675, 1.1777153015136719
45, 13, 0.6192893385887146, 1.4241427183151245
45, 4, 0.5454545617103577, 1.182944893836975
45, 15, 0.5454545617103577, 1.06412935256958
45, 24, 0.13636364042758942, 2.0075554847717285
45, 1, 0.2385786771774292, 1.8230470418930054
45, 21, 0.39393940567970276, 1.4257100820541382
45, 8, 0.8888888955116272, 0.5644766688346863
45, 10, 0.8693467378616333, 0.5025488138198853
45, 29, 0.35353535413742065, 1.8372151851654053
45, 6, 0.8131313323974609, 0.9230349659919739
45, 18, 0.5252525210380554, 1.4373677968978882
45, 14, 0.6751269102096558, 1.302977442741394
45, 23, 0.2929292917251587, 1.5939595699310303
45, 19, 0.40909090638160706, 1.2241711616516113
45, 28, 0.5353535413742065, 1.295032262802124
45, 3, 0.8282828330993652, 0.895200252532959
46, 8, 0.8838383555412292, 0.7610246539115906
46, 19, 0.3737373650074005, 1.302832841873169
46, 29, 0.24242424964904785, 2.5396335124969482
46, 9, 0.26633167266845703, 1.4729335308074951
46, 12, 0.6515151262283325, 1.1659857034683228
46, 3, 0.8181818127632141, 0.9535237550735474
46, 25, 0.5025125741958618, 1.313377022743225
46, 23, 0.28282827138900757, 1.5455434322357178
46, 28, 0.5808081030845642, 1.2084052562713623
46, 27, 0.13636364042758942, 1.9585222005844116
46, 13, 0.5786802172660828, 1.4382776021957397
46, 24, 0.12121212482452393, 1.9797407388687134
46, 26, 0.33838382363319397, 3.4740793704986572
46, 16, 0.752525269985199, 0.9534139037132263
46, 20, 0.8636363744735718, 0.869377076625824
46, 5, 0.5736040472984314, 1.2486175298690796
46, 1, 0.29441624879837036, 1.695979118347168
46, 11, 0.6700507402420044, 0.9560335278511047
46, 15, 0.5808081030845642, 0.9755520820617676
46, 10, 0.8793969750404358, 0.4831593930721283
46, 7, 0.9346733689308167, 0.34213513135910034
46, 14, 0.6446700692176819, 1.3571059703826904
46, 4, 0.44949495792388916, 1.4282536506652832
46, 22, 0.5101010203361511, 1.3940080404281616
46, 2, 0.8030303120613098, 0.6647307872772217
46, 17, 0.4595959484577179, 2.2699356079101562
46, 18, 0.560606062412262, 1.2423855066299438
46, 0, 0.6751269102096558, 0.9924523234367371
46, 6, 0.8030303120613098, 0.9860910773277283
46, 21, 0.4343434274196625, 1.291249394416809
47, 3, 0.8030303120613098, 0.9393451809883118
47, 15, 0.5252525210380554, 1.0851733684539795
47, 20, 0.8434343338012695, 0.860629677772522
47, 5, 0.5634517669677734, 1.3994430303573608
47, 4, 0.5050504803657532, 1.3130351305007935
47, 7, 0.9698492288589478, 0.17916341125965118
47, 26, 0.31313130259513855, 3.5039896965026855
47, 19, 0.38383838534355164, 1.292716383934021
47, 25, 0.5979899764060974, 1.1388740539550781
47, 10, 0.8241205811500549, 0.5399441123008728
47, 18, 0.5101010203361511, 1.385317087173462
47, 14, 0.6649746298789978, 1.3146687746047974
47, 28, 0.5050504803657532, 1.3444607257843018
47, 21, 0.469696968793869, 1.267832636833191
47, 24, 0.13636364042758942, 1.9988991022109985
47, 2, 0.7575757503509521, 0.700410783290863
47, 22, 0.28787878155708313, 2.073014497756958
47, 17, 0.39393940567970276, 2.764949321746826
47, 16, 0.7373737096786499, 0.931154727935791
47, 11, 0.7309644818305969, 0.8361597061157227
47, 8, 0.8888888955116272, 0.4428075850009918
47, 6, 0.7777777910232544, 0.9674414992332458
47, 9, 0.24120603501796722, 1.5802435874938965
47, 27, 0.16161616146564484, 1.9682279825210571
47, 1, 0.3350253701210022, 1.6872899532318115
47, 13, 0.5634517669677734, 1.5136511325836182
47, 29, 0.3080808222293854, 2.283501386642456
47, 23, 0.31313130259513855, 1.5540461540222168
47, 0, 0.6700507402420044, 0.9904536604881287
47, 12, 0.6666666865348816, 1.1540857553482056
48, 1, 0.32487308979034424, 1.7116150856018066
48, 28, 0.5555555820465088, 1.2466073036193848
48, 6, 0.7828282713890076, 0.9220684170722961
48, 20, 0.8585858345031738, 0.8269068598747253
48, 8, 0.868686854839325, 0.7161579132080078
48, 14, 0.6751269102096558, 1.2862459421157837
48, 5, 0.6142131686210632, 1.198213815689087
48, 24, 0.13636364042758942, 2.001582145690918
48, 0, 0.6954314708709717, 0.9491496682167053
48, 13, 0.5279187560081482, 1.5383974313735962
48, 17, 0.4595959484577179, 2.161417245864868
48, 10, 0.8844221234321594, 0.39299845695495605
48, 26, 0.31313130259513855, 3.909327983856201
48, 21, 0.4595959484577179, 1.281769037246704
48, 15, 0.6010100841522217, 0.9399871230125427
48, 7, 0.8944723606109619, 0.3632860481739044
48, 4, 0.4141414165496826, 1.8286339044570923
48, 2, 0.8181818127632141, 0.6534870266914368
48, 11, 0.6852791905403137, 0.91704261302948
48, 3, 0.8131313323974609, 0.9173212051391602
48, 23, 0.2777777910232544, 1.568084716796875
48, 9, 0.23115578293800354, 1.5668222904205322
48, 19, 0.3636363744735718, 1.3499559164047241
48, 12, 0.6565656661987305, 1.1316967010498047
48, 18, 0.5757575631141663, 1.2129641771316528
48, 27, 0.15656565129756927, 1.990944266319275
48, 22, 0.35353535413742065, 1.8425664901733398
48, 16, 0.7373737096786499, 0.9224491119384766
48, 25, 0.5879396796226501, 1.1514856815338135
48, 29, 0.24747474491596222, 2.7811267375946045
49, 5, 0.5532994866371155, 1.5074975490570068
49, 16, 0.7323232293128967, 0.9116284847259521
49, 27, 0.2222222238779068, 1.88373863697052
49, 14, 0.6446700692176819, 1.3581407070159912
49, 4, 0.36868685483932495, 2.035215139389038
49, 24, 0.1515151560306549, 1.933206558227539
49, 18, 0.5353535413742065, 1.351753830909729
49, 9, 0.26633167266845703, 1.5096091032028198
49, 17, 0.39898988604545593, 2.8166050910949707
49, 2, 0.8181818127632141, 0.6429879665374756
49, 7, 0.9597989916801453, 0.1499776542186737
49, 0, 0.720812201499939, 0.8980209231376648
49, 21, 0.38383838534355164, 1.4144233465194702
49, 22, 0.35353535413742065, 2.0779693126678467
49, 26, 0.3232323229312897, 4.09230375289917
49, 10, 0.8944723606109619, 0.37767282128334045
49, 12, 0.6212121248245239, 1.2175391912460327
49, 25, 0.5929648280143738, 1.1166902780532837
49, 15, 0.6414141654968262, 0.8370396494865417
49, 6, 0.752525269985199, 1.0075609683990479
49, 28, 0.5707070827484131, 1.2177122831344604
49, 20, 0.808080792427063, 0.8686901330947876
49, 11, 0.624365508556366, 1.0119062662124634
49, 8, 0.9090909361839294, 0.48078393936157227
49, 29, 0.33838382363319397, 2.19118070602417
49, 1, 0.3096446692943573, 1.74001145362854
49, 19, 0.3636363744735718, 1.350251317024231
49, 13, 0.624365508556366, 1.6397912502288818
49, 3, 0.8030303120613098, 0.9459573030471802
49, 23, 0.33838382363319397, 1.4745476245880127
50, 6, 0.7828282713890076, 0.9134211540222168
50, 1, 0.27411168813705444, 1.7935768365859985
50, 17, 0.4595959484577179, 2.4473865032196045
50, 20, 0.8383838534355164, 0.8066542148590088
50, 15, 0.5858585834503174, 1.011188268661499
50, 22, 0.4191919267177582, 1.7888071537017822
50, 16, 0.7575757503509521, 0.8866180777549744
50, 24, 0.16161616146564484, 1.978500247001648
50, 28, 0.5757575631141663, 1.2582056522369385
50, 14, 0.6954314708709717, 1.2222356796264648
50, 18, 0.5808081030845642, 1.179599642753601
50, 11, 0.6649746298789978, 0.9515302777290344
50, 23, 0.32828283309936523, 1.4909299612045288
50, 21, 0.3585858643054962, 1.4140162467956543
50, 26, 0.3080808222293854, 3.950713872909546
50, 8, 0.8838383555412292, 0.6958858370780945
50, 7, 0.9396985173225403, 0.2851877510547638
50, 27, 0.1515151560306549, 1.9753916263580322
50, 0, 0.7055837512016296, 0.855059802532196
50, 2, 0.7828282713890076, 0.812075674533844
50, 9, 0.26633167266845703, 1.5589427947998047
50, 12, 0.6414141654968262, 1.1791633367538452
50, 5, 0.5786802172660828, 1.566929578781128
50, 3, 0.8232323527336121, 0.890356183052063
50, 4, 0.5505050420761108, 1.503430962562561
50, 19, 0.35353535413742065, 1.3870065212249756
50, 25, 0.5829145908355713, 1.1977007389068604
50, 10, 0.8442211151123047, 0.47579529881477356
50, 13, 0.5786802172660828, 1.8612695932388306
50, 29, 0.2626262605190277, 2.772573709487915
